,Todays Amount,Todays Result,Total Amount
0,-200.0,0,-200.0
1,-200.0,0,-400.0
2,100.0,1,-300.0
3,112.5,1,-187.5
4,112.5,1,-75.0
5,-212.5,0,-287.5
6,100.0,1,-187.5
7,112.5,1,-75.0
8,-200.0,0,-275.0
9,100.0,1,-175.0
10,-200.0,0,-375.0
11,-200.0,0,-575.0
12,-200.0,0,-775.0
13,100.0,1,-675.0
14,112.5,1,-562.5
15,-237.5,0,-800.0
16,112.5,1,-687.5
17,-200.0,0,-887.5
18,-200.0,0,-1087.5
19,-200.0,0,-1287.5
20,125.0,1,-1162.5
21,100.0,1,-1062.5
22,100.0,1,-962.5
23,112.5,1,-850.0
24,112.5,1,-737.5
25,100.0,1,-637.5
26,137.5,1,-500.0
27,100.0,1,-400.0
28,125.0,1,-275.0
29,-200.0,0,-475.0
30,137.5,1,-337.5
31,-200.0,0,-537.5
32,137.5,1,-400.0
33,-212.5,0,-612.5
34,112.5,1,-500.0
35,-237.5,0,-737.5
36,100.0,1,-637.5
37,100.0,1,-537.5
38,100.0,1,-437.5
39,112.5,1,-325.0
40,125.0,1,-200.0
41,-200.0,0,-400.0
42,125.0,1,-275.0
43,100.0,1,-175.0
44,-200.0,0,-375.0
45,100.0,1,-275.0
46,112.5,1,-162.5
47,-200.0,0,-362.5
48,100.0,1,-262.5
49,100.0,1,-162.5
50,100.0,1,-62.5
51,100.0,1,37.5
52,100.0,1,137.5
53,100.0,1,237.5
54,100.0,1,337.5
55,-212.5,0,125.0
56,100.0,1,225.0
57,100.0,1,325.0
58,100.0,1,425.0
59,-200.0,0,225.0
60,-200.0,0,25.0
61,-200.0,0,-175.0
62,100.0,1,-75.0
63,100.0,1,25.0
64,100.0,1,125.0
65,-200.0,0,-75.0
66,-212.5,0,-287.5
67,-237.5,0,-525.0
68,100.0,1,-425.0
69,112.5,1,-312.5
70,100.0,1,-212.5
71,-212.5,0,-425.0
72,112.5,1,-312.5
73,125.0,1,-187.5
74,-200.0,0,-387.5
75,112.5,1,-275.0
76,100.0,1,-175.0
77,112.5,1,-62.5
78,112.5,1,50.0
79,137.5,1,187.5
80,137.5,1,325.0
81,-212.5,0,112.5
82,100.0,1,212.5
83,-225.0,0,-12.5
84,-200.0,0,-212.5
85,125.0,1,-87.5
86,100.0,1,12.5
87,112.5,1,125.0
88,100.0,1,225.0
89,-212.5,0,12.5
90,100.0,1,112.5
91,100.0,1,212.5
92,137.5,1,350.0
93,-200.0,0,150.0
94,100.0,1,250.0
95,137.5,1,387.5
96,100.0,1,487.5
97,112.5,1,600.0
98,-225.0,0,375.0
99,100.0,1,475.0
100,100.0,1,575.0
101,100.0,1,675.0
102,112.5,1,787.5
103,100.0,1,887.5
104,-212.5,0,675.0
105,100.0,1,775.0
106,100.0,1,875.0
107,100.0,1,975.0
108,137.5,1,1112.5
109,-200.0,0,912.5
110,100.0,1,1012.5
111,125.0,1,1137.5
112,100.0,1,1237.5
113,100.0,1,1337.5
114,100.0,1,1437.5
115,112.5,1,1550.0
116,112.5,1,1662.5
117,-200.0,0,1462.5
118,125.0,1,1587.5
119,125.0,1,1712.5
120,100.0,1,1812.5
121,100.0,1,1912.5
122,162.5,1,2075.0
123,-200.0,0,1875.0
124,100.0,1,1975.0
125,112.5,1,2087.5
126,112.5,1,2200.0
127,-200.0,0,2000.0
128,112.5,1,2112.5
129,100.0,1,2212.5
130,112.5,1,2325.0
131,-200.0,0,2125.0
132,100.0,1,2225.0
133,112.5,1,2337.5
134,125.0,1,2462.5
135,112.5,1,2575.0
136,125.0,1,2700.0
137,-212.5,0,2487.5
138,125.0,1,2612.5
139,125.0,1,2737.5
140,100.0,1,2837.5
141,125.0,1,2962.5
142,-212.5,0,2750.0
143,100.0,1,2850.0
144,100.0,1,2950.0
145,112.5,1,3062.5
146,112.5,1,3175.0
147,100.0,1,3275.0
148,100.0,1,3375.0
149,100.0,1,3475.0
150,100.0,1,3575.0
151,100.0,1,3675.0
152,-200.0,0,3475.0
153,-200.0,0,3275.0
154,112.5,1,3387.5
155,112.5,1,3500.0
156,112.5,1,3612.5
157,-200.0,0,3412.5
158,-200.0,0,3212.5
159,125.0,1,3337.5
160,162.5,1,3500.0
161,-200.0,0,3300.0
162,112.5,1,3412.5
163,-212.5,0,3200.0
164,100.0,1,3300.0
165,112.5,1,3412.5
166,112.5,1,3525.0
167,-200.0,0,3325.0
168,112.5,1,3437.5
169,100.0,1,3537.5
170,-200.0,0,3337.5
171,112.5,1,3450.0
172,100.0,1,3550.0
173,100.0,1,3650.0
174,100.0,1,3750.0
175,-200.0,0,3550.0
176,-212.5,0,3337.5
177,112.5,1,3450.0
178,100.0,1,3550.0
179,100.0,1,3650.0
180,112.5,1,3762.5
181,-200.0,0,3562.5
182,100.0,1,3662.5
183,-200.0,0,3462.5
184,112.5,1,3575.0
185,-212.5,0,3362.5
186,-200.0,0,3162.5
187,-200.0,0,2962.5
188,-200.0,0,2762.5
189,100.0,1,2862.5
190,100.0,1,2962.5
191,100.0,1,3062.5
192,-225.0,0,2837.5
193,100.0,1,2937.5
194,100.0,1,3037.5
195,100.0,1,3137.5
196,-200.0,0,2937.5
197,112.5,1,3050.0
198,100.0,1,3150.0
199,112.5,1,3262.5
200,-200.0,0,3062.5
201,100.0,1,3162.5
202,100.0,1,3262.5
203,125.0,1,3387.5
204,112.5,1,3500.0
205,-200.0,0,3300.0
206,-200.0,0,3100.0
207,112.5,1,3212.5
208,-200.0,0,3012.5
209,100.0,1,3112.5
210,112.5,1,3225.0
211,112.5,1,3337.5
212,-200.0,0,3137.5
213,100.0,1,3237.5
214,112.5,1,3350.0
215,100.0,1,3450.0
216,-212.5,0,3237.5
217,100.0,1,3337.5
218,150.0,1,3487.5
219,-200.0,0,3287.5
220,100.0,1,3387.5
221,112.5,1,3500.0
222,-200.0,0,3300.0
223,-200.0,0,3100.0
224,-212.5,0,2887.5
225,112.5,1,3000.0
226,-212.5,0,2787.5
227,100.0,1,2887.5
228,112.5,1,3000.0
229,-212.5,0,2787.5
230,-200.0,0,2587.5
231,-200.0,0,2387.5
232,-200.0,0,2187.5
233,-200.0,0,1987.5
234,-200.0,0,1787.5
235,112.5,1,1900.0
236,-200.0,0,1700.0
237,100.0,1,1800.0
238,112.5,1,1912.5
239,-200.0,0,1712.5
240,-212.5,0,1500.0
241,100.0,1,1600.0
242,-200.0,0,1400.0
243,112.5,1,1512.5
244,-200.0,0,1312.5
245,100.0,1,1412.5
246,100.0,1,1512.5
247,100.0,1,1612.5
248,112.5,1,1725.0
249,100.0,1,1825.0
250,125.0,1,1950.0
251,112.5,1,2062.5
252,-225.0,0,1837.5
253,100.0,1,1937.5
254,125.0,1,2062.5
255,-212.5,0,1850.0
256,100.0,1,1950.0
257,100.0,1,2050.0
258,112.5,1,2162.5
259,100.0,1,2262.5
260,125.0,1,2387.5
261,-212.5,0,2175.0
262,100.0,1,2275.0
263,100.0,1,2375.0
264,137.5,1,2512.5
265,100.0,1,2612.5
266,112.5,1,2725.0
267,100.0,1,2825.0
268,100.0,1,2925.0
269,-200.0,0,2725.0
270,-200.0,0,2525.0
271,125.0,1,2650.0
272,137.5,1,2787.5
273,112.5,1,2900.0
274,-200.0,0,2700.0
275,-237.5,0,2462.5
276,112.5,1,2575.0
277,125.0,1,2700.0
278,-200.0,0,2500.0
279,100.0,1,2600.0
280,125.0,1,2725.0
281,112.5,1,2837.5
282,100.0,1,2937.5
283,125.0,1,3062.5
284,-200.0,0,2862.5
285,137.5,1,3000.0
286,112.5,1,3112.5
287,112.5,1,3225.0
288,-212.5,0,3012.5
289,-200.0,0,2812.5
290,100.0,1,2912.5
291,137.5,1,3050.0
292,137.5,1,3187.5
293,100.0,1,3287.5
294,100.0,1,3387.5
295,-212.5,0,3175.0
296,112.5,1,3287.5
297,-200.0,0,3087.5
298,-200.0,0,2887.5
299,100.0,1,2987.5
300,-237.5,0,2750.0
301,-212.5,0,2537.5
302,100.0,1,2637.5
303,112.5,1,2750.0
304,112.5,1,2862.5
305,100.0,1,2962.5
306,112.5,1,3075.0
307,100.0,1,3175.0
308,100.0,1,3275.0
309,-212.5,0,3062.5
310,112.5,1,3175.0
311,100.0,1,3275.0
312,-237.5,0,3037.5
313,100.0,1,3137.5
314,100.0,1,3237.5
315,-200.0,0,3037.5
316,-200.0,0,2837.5
317,100.0,1,2937.5
318,-200.0,0,2737.5
319,-200.0,0,2537.5
320,-212.5,0,2325.0
321,100.0,1,2425.0
322,112.5,1,2537.5
323,-200.0,0,2337.5
324,100.0,1,2437.5
325,100.0,1,2537.5
326,-225.0,0,2312.5
327,100.0,1,2412.5
328,-200.0,0,2212.5
329,125.0,1,2337.5
330,100.0,1,2437.5
331,100.0,1,2537.5
332,-200.0,0,2337.5
333,112.5,1,2450.0
334,-225.0,0,2225.0
335,100.0,1,2325.0
336,112.5,1,2437.5
337,-212.5,0,2225.0
338,-200.0,0,2025.0
339,100.0,1,2125.0
340,112.5,1,2237.5
341,-212.5,0,2025.0
342,-212.5,0,1812.5
343,-212.5,0,1600.0
344,112.5,1,1712.5
345,112.5,1,1825.0
346,-200.0,0,1625.0
347,100.0,1,1725.0
348,-200.0,0,1525.0
349,125.0,1,1650.0
350,125.0,1,1775.0
351,100.0,1,1875.0
352,100.0,1,1975.0
353,100.0,1,2075.0
354,112.5,1,2187.5
355,100.0,1,2287.5
356,137.5,1,2425.0
357,-212.5,0,2212.5
358,-212.5,0,2000.0
359,100.0,1,2100.0
360,-212.5,0,1887.5
361,100.0,1,1987.5
362,112.5,1,2100.0
363,100.0,1,2200.0
364,112.5,1,2312.5
365,100.0,1,2412.5
366,125.0,1,2537.5
367,112.5,1,2650.0
368,112.5,1,2762.5
369,100.0,1,2862.5
370,100.0,1,2962.5
371,100.0,1,3062.5
372,-212.5,0,2850.0
373,112.5,1,2962.5
374,100.0,1,3062.5
375,-225.0,0,2837.5
376,-212.5,0,2625.0
377,-212.5,0,2412.5
378,100.0,1,2512.5
379,-200.0,0,2312.5
380,137.5,1,2450.0
381,112.5,1,2562.5
382,-200.0,0,2362.5
383,100.0,1,2462.5
384,-200.0,0,2262.5
385,100.0,1,2362.5
386,-250.0,0,2112.5
387,100.0,1,2212.5
388,-212.5,0,2000.0
389,-200.0,0,1800.0
390,112.5,1,1912.5
391,125.0,1,2037.5
392,137.5,1,2175.0
393,100.0,1,2275.0
394,-200.0,0,2075.0
395,-200.0,0,1875.0
396,112.5,1,1987.5
397,-200.0,0,1787.5
398,100.0,1,1887.5
399,-200.0,0,1687.5
400,112.5,1,1800.0
401,100.0,1,1900.0
402,100.0,1,2000.0
403,112.5,1,2112.5
404,-212.5,0,1900.0
405,112.5,1,2012.5
406,100.0,1,2112.5
407,100.0,1,2212.5
408,-212.5,0,2000.0
409,100.0,1,2100.0
410,112.5,1,2212.5
411,100.0,1,2312.5
412,125.0,1,2437.5
413,100.0,1,2537.5
414,-212.5,0,2325.0
415,-212.5,0,2112.5
416,112.5,1,2225.0
417,125.0,1,2350.0
418,100.0,1,2450.0
419,-200.0,0,2250.0
420,100.0,1,2350.0
421,100.0,1,2450.0
422,-212.5,0,2237.5
423,-200.0,0,2037.5
424,-200.0,0,1837.5
425,125.0,1,1962.5
426,125.0,1,2087.5
427,-200.0,0,1887.5
428,100.0,1,1987.5
429,-212.5,0,1775.0
430,112.5,1,1887.5
431,112.5,1,2000.0
432,112.5,1,2112.5
433,-200.0,0,1912.5
434,-212.5,0,1700.0
435,100.0,1,1800.0
436,100.0,1,1900.0
437,-200.0,0,1700.0
438,-200.0,0,1500.0
439,100.0,1,1600.0
440,112.5,1,1712.5
441,112.5,1,1825.0
442,100.0,1,1925.0
443,-200.0,0,1725.0
444,-200.0,0,1525.0
445,-212.5,0,1312.5
446,-200.0,0,1112.5
447,112.5,1,1225.0
448,100.0,1,1325.0
449,-200.0,0,1125.0
450,100.0,1,1225.0
451,112.5,1,1337.5
452,100.0,1,1437.5
453,100.0,1,1537.5
454,112.5,1,1650.0
455,112.5,1,1762.5
456,-212.5,0,1550.0
457,112.5,1,1662.5
458,100.0,1,1762.5
459,100.0,1,1862.5
460,137.5,1,2000.0
461,112.5,1,2112.5
462,112.5,1,2225.0
463,-212.5,0,2012.5
464,100.0,1,2112.5
465,112.5,1,2225.0
466,100.0,1,2325.0
467,-212.5,0,2112.5
468,100.0,1,2212.5
469,137.5,1,2350.0
470,137.5,1,2487.5
471,-200.0,0,2287.5
472,100.0,1,2387.5
473,125.0,1,2512.5
474,112.5,1,2625.0
475,-200.0,0,2425.0
476,112.5,1,2537.5
477,100.0,1,2637.5
478,112.5,1,2750.0
479,112.5,1,2862.5
480,-225.0,0,2637.5
481,112.5,1,2750.0
482,112.5,1,2862.5
483,125.0,1,2987.5
484,100.0,1,3087.5
485,100.0,1,3187.5
486,-212.5,0,2975.0
487,100.0,1,3075.0
488,112.5,1,3187.5
489,100.0,1,3287.5
490,-200.0,0,3087.5
491,-237.5,0,2850.0
492,-212.5,0,2637.5
493,100.0,1,2737.5
494,100.0,1,2837.5
495,-200.0,0,2637.5
496,100.0,1,2737.5
497,137.5,1,2875.0
498,112.5,1,2987.5
499,112.5,1,3100.0
500,-200.0,0,2900.0
501,112.5,1,3012.5
502,100.0,1,3112.5
503,-200.0,0,2912.5
504,112.5,1,3025.0
505,100.0,1,3125.0
506,100.0,1,3225.0
507,100.0,1,3325.0
508,-200.0,0,3125.0
509,-200.0,0,2925.0
510,-200.0,0,2725.0
511,125.0,1,2850.0
512,-212.5,0,2637.5
513,-200.0,0,2437.5
514,-212.5,0,2225.0
515,-200.0,0,2025.0
516,125.0,1,2150.0
517,100.0,1,2250.0
518,-237.5,0,2012.5
519,112.5,1,2125.0
520,100.0,1,2225.0
521,-200.0,0,2025.0
522,112.5,1,2137.5
523,100.0,1,2237.5
524,125.0,1,2362.5
525,-200.0,0,2162.5
526,-237.5,0,1925.0
527,-200.0,0,1725.0
528,-200.0,0,1525.0
529,125.0,1,1650.0
530,100.0,1,1750.0
531,100.0,1,1850.0
532,-212.5,0,1637.5
533,100.0,1,1737.5
534,112.5,1,1850.0
535,125.0,1,1975.0
536,100.0,1,2075.0
537,-200.0,0,1875.0
538,-200.0,0,1675.0
539,100.0,1,1775.0
540,-212.5,0,1562.5
541,112.5,1,1675.0
542,100.0,1,1775.0
543,125.0,1,1900.0
544,125.0,1,2025.0
545,125.0,1,2150.0
546,100.0,1,2250.0
547,-212.5,0,2037.5
548,100.0,1,2137.5
549,-200.0,0,1937.5
550,125.0,1,2062.5
551,100.0,1,2162.5
552,-212.5,0,1950.0
553,137.5,1,2087.5
554,-200.0,0,1887.5
555,-200.0,0,1687.5
556,100.0,1,1787.5
557,100.0,1,1887.5
558,-200.0,0,1687.5
559,-200.0,0,1487.5
560,112.5,1,1600.0
561,-200.0,0,1400.0
562,100.0,1,1500.0
563,100.0,1,1600.0
564,-200.0,0,1400.0
565,-212.5,0,1187.5
566,-212.5,0,975.0
567,100.0,1,1075.0
568,162.5,1,1237.5
569,112.5,1,1350.0
570,112.5,1,1462.5
571,100.0,1,1562.5
572,-200.0,0,1362.5
573,112.5,1,1475.0
574,112.5,1,1587.5
575,100.0,1,1687.5
576,137.5,1,1825.0
577,112.5,1,1937.5
578,100.0,1,2037.5
579,112.5,1,2150.0
580,100.0,1,2250.0
581,-200.0,0,2050.0
582,100.0,1,2150.0
583,-200.0,0,1950.0
584,112.5,1,2062.5
585,100.0,1,2162.5
586,100.0,1,2262.5
587,112.5,1,2375.0
588,112.5,1,2487.5
589,137.5,1,2625.0
590,112.5,1,2737.5
591,100.0,1,2837.5
592,-200.0,0,2637.5
593,-200.0,0,2437.5
594,-200.0,0,2237.5
595,150.0,1,2387.5
596,100.0,1,2487.5
597,-200.0,0,2287.5
598,-212.5,0,2075.0
599,112.5,1,2187.5
600,100.0,1,2287.5
601,-200.0,0,2087.5
602,-200.0,0,1887.5
603,112.5,1,2000.0
604,100.0,1,2100.0
605,100.0,1,2200.0
606,100.0,1,2300.0
607,100.0,1,2400.0
608,100.0,1,2500.0
609,100.0,1,2600.0
610,112.5,1,2712.5
611,100.0,1,2812.5
612,-212.5,0,2600.0
613,-200.0,0,2400.0
614,112.5,1,2512.5
615,112.5,1,2625.0
616,112.5,1,2737.5
617,112.5,1,2850.0
618,125.0,1,2975.0
619,-212.5,0,2762.5
620,-212.5,0,2550.0
621,112.5,1,2662.5
622,-200.0,0,2462.5
623,112.5,1,2575.0
624,100.0,1,2675.0
625,100.0,1,2775.0
626,125.0,1,2900.0
627,-212.5,0,2687.5
628,112.5,1,2800.0
629,112.5,1,2912.5
630,112.5,1,3025.0
631,112.5,1,3137.5
632,100.0,1,3237.5
633,112.5,1,3350.0
634,-200.0,0,3150.0
635,-200.0,0,2950.0
636,112.5,1,3062.5
637,100.0,1,3162.5
638,100.0,1,3262.5
639,-200.0,0,3062.5
640,112.5,1,3175.0
641,100.0,1,3275.0
642,-200.0,0,3075.0
643,100.0,1,3175.0
644,100.0,1,3275.0
645,100.0,1,3375.0
646,125.0,1,3500.0
647,-200.0,0,3300.0
648,-200.0,0,3100.0
649,112.5,1,3212.5
650,112.5,1,3325.0
651,100.0,1,3425.0
652,100.0,1,3525.0
653,-212.5,0,3312.5
654,112.5,1,3425.0
655,125.0,1,3550.0
656,-212.5,0,3337.5
657,-200.0,0,3137.5
658,100.0,1,3237.5
659,-225.0,0,3012.5
660,-200.0,0,2812.5
661,112.5,1,2925.0
662,100.0,1,3025.0
663,137.5,1,3162.5
664,112.5,1,3275.0
665,112.5,1,3387.5
666,112.5,1,3500.0
667,-212.5,0,3287.5
668,112.5,1,3400.0
669,100.0,1,3500.0
670,-200.0,0,3300.0
671,100.0,1,3400.0
672,100.0,1,3500.0
673,-200.0,0,3300.0
674,-212.5,0,3087.5
675,100.0,1,3187.5
676,100.0,1,3287.5
677,-212.5,0,3075.0
678,125.0,1,3200.0
679,125.0,1,3325.0
680,-212.5,0,3112.5
681,100.0,1,3212.5
682,-212.5,0,3000.0
683,112.5,1,3112.5
684,100.0,1,3212.5
685,112.5,1,3325.0
686,100.0,1,3425.0
687,-200.0,0,3225.0
688,-200.0,0,3025.0
689,112.5,1,3137.5
690,125.0,1,3262.5
691,100.0,1,3362.5
692,100.0,1,3462.5
693,-200.0,0,3262.5
694,137.5,1,3400.0
695,-200.0,0,3200.0
696,-212.5,0,2987.5
697,-200.0,0,2787.5
698,100.0,1,2887.5
699,-200.0,0,2687.5
700,112.5,1,2800.0
701,112.5,1,2912.5
702,100.0,1,3012.5
703,100.0,1,3112.5
704,112.5,1,3225.0
705,100.0,1,3325.0
706,-200.0,0,3125.0
707,112.5,1,3237.5
708,112.5,1,3350.0
709,-212.5,0,3137.5
710,100.0,1,3237.5
711,-212.5,0,3025.0
712,-212.5,0,2812.5
713,100.0,1,2912.5
714,112.5,1,3025.0
715,-200.0,0,2825.0
716,100.0,1,2925.0
717,112.5,1,3037.5
718,125.0,1,3162.5
719,-200.0,0,2962.5
720,137.5,1,3100.0
721,100.0,1,3200.0
722,-200.0,0,3000.0
723,112.5,1,3112.5
724,100.0,1,3212.5
725,100.0,1,3312.5
726,112.5,1,3425.0
727,100.0,1,3525.0
728,100.0,1,3625.0
729,100.0,1,3725.0
730,112.5,1,3837.5
731,112.5,1,3950.0
732,112.5,1,4062.5
733,112.5,1,4175.0
734,100.0,1,4275.0
735,-212.5,0,4062.5
736,-200.0,0,3862.5
737,100.0,1,3962.5
738,100.0,1,4062.5
739,112.5,1,4175.0
740,187.5,1,4362.5
741,100.0,1,4462.5
742,100.0,1,4562.5
743,-200.0,0,4362.5
744,137.5,1,4500.0
745,112.5,1,4612.5
746,112.5,1,4725.0
747,-200.0,0,4525.0
748,125.0,1,4650.0
749,100.0,1,4750.0
750,100.0,1,4850.0
751,112.5,1,4962.5
752,100.0,1,5062.5
753,112.5,1,5175.0
754,-200.0,0,4975.0
755,112.5,1,5087.5
756,-225.0,0,4862.5
757,125.0,1,4987.5
758,-212.5,0,4775.0
759,-200.0,0,4575.0
760,100.0,1,4675.0
761,112.5,1,4787.5
762,-212.5,0,4575.0
763,100.0,1,4675.0
764,112.5,1,4787.5
765,100.0,1,4887.5
766,100.0,1,4987.5
767,-200.0,0,4787.5
768,100.0,1,4887.5
769,-200.0,0,4687.5
770,-200.0,0,4487.5
771,137.5,1,4625.0
772,100.0,1,4725.0
773,100.0,1,4825.0
774,125.0,1,4950.0
775,112.5,1,5062.5
776,100.0,1,5162.5
777,-200.0,0,4962.5
778,100.0,1,5062.5
779,162.5,1,5225.0
780,100.0,1,5325.0
781,112.5,1,5437.5
782,100.0,1,5537.5
783,-212.5,0,5325.0
784,-212.5,0,5112.5
785,100.0,1,5212.5
786,112.5,1,5325.0
787,112.5,1,5437.5
788,-200.0,0,5237.5
789,125.0,1,5362.5
790,-200.0,0,5162.5
791,100.0,1,5262.5
792,137.5,1,5400.0
793,112.5,1,5512.5
794,-200.0,0,5312.5
795,-212.5,0,5100.0
796,100.0,1,5200.0
797,100.0,1,5300.0
798,112.5,1,5412.5
799,100.0,1,5512.5
800,100.0,1,5612.5
801,-212.5,0,5400.0
802,100.0,1,5500.0
803,100.0,1,5600.0
804,100.0,1,5700.0
805,112.5,1,5812.5
806,125.0,1,5937.5
807,137.5,1,6075.0
808,100.0,1,6175.0
809,100.0,1,6275.0
810,100.0,1,6375.0
811,100.0,1,6475.0
812,137.5,1,6612.5
813,100.0,1,6712.5
814,100.0,1,6812.5
815,112.5,1,6925.0
816,112.5,1,7037.5
817,112.5,1,7150.0
818,-200.0,0,6950.0
819,112.5,1,7062.5
820,100.0,1,7162.5
821,112.5,1,7275.0
822,100.0,1,7375.0
823,137.5,1,7512.5
824,100.0,1,7612.5
825,137.5,1,7750.0
826,125.0,1,7875.0
827,112.5,1,7987.5
828,100.0,1,8087.5
829,112.5,1,8200.0
830,112.5,1,8312.5
831,-200.0,0,8112.5
832,100.0,1,8212.5
833,112.5,1,8325.0
834,-212.5,0,8112.5
835,100.0,1,8212.5
836,-200.0,0,8012.5
837,-225.0,0,7787.5
838,-200.0,0,7587.5
839,100.0,1,7687.5
840,112.5,1,7800.0
841,-200.0,0,7600.0
842,112.5,1,7712.5
843,112.5,1,7825.0
844,125.0,1,7950.0
845,100.0,1,8050.0
846,100.0,1,8150.0
847,-200.0,0,7950.0
848,100.0,1,8050.0
849,-200.0,0,7850.0
850,-200.0,0,7650.0
851,-200.0,0,7450.0
852,-200.0,0,7250.0
853,125.0,1,7375.0
854,125.0,1,7500.0
855,112.5,1,7612.5
856,-200.0,0,7412.5
857,100.0,1,7512.5
858,112.5,1,7625.0
859,137.5,1,7762.5
860,-212.5,0,7550.0
861,-200.0,0,7350.0
862,100.0,1,7450.0
863,100.0,1,7550.0
864,-200.0,0,7350.0
865,-212.5,0,7137.5
866,112.5,1,7250.0
867,112.5,1,7362.5
868,100.0,1,7462.5
869,-200.0,0,7262.5
870,137.5,1,7400.0
871,100.0,1,7500.0
872,112.5,1,7612.5
873,112.5,1,7725.0
874,-200.0,0,7525.0
875,112.5,1,7637.5
876,-237.5,0,7400.0
877,-237.5,0,7162.5
878,100.0,1,7262.5
879,-200.0,0,7062.5
880,-212.5,0,6850.0
881,100.0,1,6950.0
882,125.0,1,7075.0
883,100.0,1,7175.0
884,100.0,1,7275.0
885,-200.0,0,7075.0
886,112.5,1,7187.5
887,-200.0,0,6987.5
888,-200.0,0,6787.5
889,-200.0,0,6587.5
890,112.5,1,6700.0
891,125.0,1,6825.0
892,-200.0,0,6625.0
893,-212.5,0,6412.5
894,112.5,1,6525.0
895,-225.0,0,6300.0
896,100.0,1,6400.0
897,112.5,1,6512.5
898,100.0,1,6612.5
899,-200.0,0,6412.5
900,-200.0,0,6212.5
901,100.0,1,6312.5
902,125.0,1,6437.5
903,-200.0,0,6237.5
904,100.0,1,6337.5
905,100.0,1,6437.5
906,-212.5,0,6225.0
907,112.5,1,6337.5
908,100.0,1,6437.5
909,-200.0,0,6237.5
910,112.5,1,6350.0
911,112.5,1,6462.5
912,112.5,1,6575.0
913,-200.0,0,6375.0
914,100.0,1,6475.0
915,100.0,1,6575.0
916,100.0,1,6675.0
917,100.0,1,6775.0
918,100.0,1,6875.0
919,-225.0,0,6650.0
920,100.0,1,6750.0
921,137.5,1,6887.5
922,112.5,1,7000.0
923,100.0,1,7100.0
924,100.0,1,7200.0
925,100.0,1,7300.0
926,112.5,1,7412.5
927,-212.5,0,7200.0
928,100.0,1,7300.0
929,100.0,1,7400.0
930,100.0,1,7500.0
931,112.5,1,7612.5
932,100.0,1,7712.5
933,-212.5,0,7500.0
934,112.5,1,7612.5
935,100.0,1,7712.5
936,125.0,1,7837.5
937,112.5,1,7950.0
938,112.5,1,8062.5
939,112.5,1,8175.0
940,112.5,1,8287.5
941,112.5,1,8400.0
942,137.5,1,8537.5
943,-200.0,0,8337.5
944,100.0,1,8437.5
945,100.0,1,8537.5
946,-200.0,0,8337.5
947,-225.0,0,8112.5
948,100.0,1,8212.5
949,-225.0,0,7987.5
950,112.5,1,8100.0
951,100.0,1,8200.0
952,100.0,1,8300.0
953,100.0,1,8400.0
954,100.0,1,8500.0
955,100.0,1,8600.0
956,137.5,1,8737.5
957,100.0,1,8837.5
958,112.5,1,8950.0
959,112.5,1,9062.5
960,-225.0,0,8837.5
961,137.5,1,8975.0
962,100.0,1,9075.0
963,100.0,1,9175.0
964,100.0,1,9275.0
965,100.0,1,9375.0
966,125.0,1,9500.0
967,100.0,1,9600.0
968,-225.0,0,9375.0
969,-200.0,0,9175.0
970,112.5,1,9287.5
971,100.0,1,9387.5
972,-200.0,0,9187.5
973,100.0,1,9287.5
974,-212.5,0,9075.0
975,100.0,1,9175.0
976,-212.5,0,8962.5
977,112.5,1,9075.0
978,-212.5,0,8862.5
979,112.5,1,8975.0
980,100.0,1,9075.0
981,-212.5,0,8862.5
982,112.5,1,8975.0
983,-200.0,0,8775.0
984,125.0,1,8900.0
985,112.5,1,9012.5
986,125.0,1,9137.5
987,137.5,1,9275.0
988,100.0,1,9375.0
989,-200.0,0,9175.0
990,100.0,1,9275.0
991,112.5,1,9387.5
992,-200.0,0,9187.5
993,-212.5,0,8975.0
994,112.5,1,9087.5
995,137.5,1,9225.0
996,125.0,1,9350.0
997,100.0,1,9450.0
998,112.5,1,9562.5
999,100.0,1,9662.5
1000,-200.0,0,9462.5
1001,112.5,1,9575.0
1002,100.0,1,9675.0
1003,112.5,1,9787.5
1004,112.5,1,9900.0
1005,100.0,1,10000.0
1006,-200.0,0,9800.0
1007,125.0,1,9925.0
1008,112.5,1,10037.5
1009,100.0,1,10137.5
1010,-200.0,0,9937.5
1011,137.5,1,10075.0
1012,112.5,1,10187.5
1013,112.5,1,10300.0
1014,-200.0,0,10100.0
1015,-212.5,0,9887.5
1016,-200.0,0,9687.5
1017,-212.5,0,9475.0
1018,112.5,1,9587.5
1019,100.0,1,9687.5
1020,100.0,1,9787.5
1021,112.5,1,9900.0
1022,112.5,1,10012.5
1023,-200.0,0,9812.5
1024,-212.5,0,9600.0
1025,100.0,1,9700.0
1026,100.0,1,9800.0
1027,125.0,1,9925.0
1028,-225.0,0,9700.0
1029,-212.5,0,9487.5
1030,125.0,1,9612.5
1031,-200.0,0,9412.5
1032,-200.0,0,9212.5
1033,100.0,1,9312.5
1034,-212.5,0,9100.0
1035,100.0,1,9200.0
1036,112.5,1,9312.5
1037,-200.0,0,9112.5
1038,112.5,1,9225.0
1039,137.5,1,9362.5
1040,112.5,1,9475.0
1041,-212.5,0,9262.5
1042,-212.5,0,9050.0
1043,100.0,1,9150.0
1044,-200.0,0,8950.0
1045,-200.0,0,8750.0
1046,-212.5,0,8537.5
1047,112.5,1,8650.0
1048,-200.0,0,8450.0
1049,-200.0,0,8250.0
1050,-225.0,0,8025.0
1051,-225.0,0,7800.0
1052,-237.5,0,7562.5
1053,137.5,1,7700.0
1054,112.5,1,7812.5
1055,100.0,1,7912.5
1056,112.5,1,8025.0
1057,100.0,1,8125.0
1058,100.0,1,8225.0
1059,112.5,1,8337.5
1060,112.5,1,8450.0
1061,112.5,1,8562.5
1062,100.0,1,8662.5
1063,-200.0,0,8462.5
1064,-200.0,0,8262.5
1065,112.5,1,8375.0
1066,112.5,1,8487.5
1067,-200.0,0,8287.5
1068,112.5,1,8400.0
1069,100.0,1,8500.0
1070,100.0,1,8600.0
1071,-212.5,0,8387.5
1072,-212.5,0,8175.0
1073,100.0,1,8275.0
1074,112.5,1,8387.5
1075,125.0,1,8512.5
1076,-225.0,0,8287.5
1077,-200.0,0,8087.5
1078,100.0,1,8187.5
1079,100.0,1,8287.5
1080,100.0,1,8387.5
1081,-212.5,0,8175.0
1082,112.5,1,8287.5
1083,100.0,1,8387.5
1084,100.0,1,8487.5
1085,-212.5,0,8275.0
1086,-212.5,0,8062.5
1087,137.5,1,8200.0
1088,125.0,1,8325.0
1089,100.0,1,8425.0
1090,-212.5,0,8212.5
1091,-212.5,0,8000.0
1092,100.0,1,8100.0
1093,112.5,1,8212.5
1094,-212.5,0,8000.0
1095,125.0,1,8125.0
1096,112.5,1,8237.5
1097,100.0,1,8337.5
1098,100.0,1,8437.5
1099,-200.0,0,8237.5
1100,-200.0,0,8037.5
1101,-200.0,0,7837.5
1102,137.5,1,7975.0
1103,100.0,1,8075.0
1104,100.0,1,8175.0
1105,100.0,1,8275.0
1106,112.5,1,8387.5
1107,112.5,1,8500.0
1108,100.0,1,8600.0
1109,100.0,1,8700.0
1110,-200.0,0,8500.0
1111,100.0,1,8600.0
1112,-212.5,0,8387.5
1113,100.0,1,8487.5
1114,-212.5,0,8275.0
1115,-200.0,0,8075.0
1116,-200.0,0,7875.0
1117,100.0,1,7975.0
1118,100.0,1,8075.0
1119,-200.0,0,7875.0
1120,-212.5,0,7662.5
1121,-200.0,0,7462.5
1122,112.5,1,7575.0
1123,112.5,1,7687.5
1124,-212.5,0,7475.0
1125,-212.5,0,7262.5
1126,100.0,1,7362.5
1127,-212.5,0,7150.0
1128,100.0,1,7250.0
1129,100.0,1,7350.0
1130,125.0,1,7475.0
1131,112.5,1,7587.5
1132,-212.5,0,7375.0
1133,100.0,1,7475.0
1134,-212.5,0,7262.5
1135,100.0,1,7362.5
1136,100.0,1,7462.5
1137,100.0,1,7562.5
1138,-225.0,0,7337.5
1139,-200.0,0,7137.5
1140,125.0,1,7262.5
1141,100.0,1,7362.5
1142,137.5,1,7500.0
1143,125.0,1,7625.0
1144,100.0,1,7725.0
1145,112.5,1,7837.5
1146,100.0,1,7937.5
1147,125.0,1,8062.5
1148,112.5,1,8175.0
1149,100.0,1,8275.0
1150,100.0,1,8375.0
1151,-225.0,0,8150.0
1152,125.0,1,8275.0
1153,-200.0,0,8075.0
1154,125.0,1,8200.0
1155,100.0,1,8300.0
1156,100.0,1,8400.0
1157,-212.5,0,8187.5
1158,-225.0,0,7962.5
1159,100.0,1,8062.5
1160,100.0,1,8162.5
1161,100.0,1,8262.5
1162,-200.0,0,8062.5
1163,-200.0,0,7862.5
1164,-225.0,0,7637.5
1165,112.5,1,7750.0
1166,112.5,1,7862.5
1167,100.0,1,7962.5
1168,-200.0,0,7762.5
1169,112.5,1,7875.0
1170,100.0,1,7975.0
1171,-212.5,0,7762.5
1172,100.0,1,7862.5
1173,112.5,1,7975.0
1174,112.5,1,8087.5
1175,112.5,1,8200.0
1176,112.5,1,8312.5
1177,100.0,1,8412.5
1178,100.0,1,8512.5
1179,137.5,1,8650.0
1180,112.5,1,8762.5
1181,100.0,1,8862.5
1182,100.0,1,8962.5
1183,112.5,1,9075.0
1184,100.0,1,9175.0
1185,100.0,1,9275.0
1186,-200.0,0,9075.0
1187,112.5,1,9187.5
1188,112.5,1,9300.0
1189,-212.5,0,9087.5
1190,-212.5,0,8875.0
1191,112.5,1,8987.5
1192,-200.0,0,8787.5
1193,100.0,1,8887.5
1194,100.0,1,8987.5
1195,125.0,1,9112.5
1196,100.0,1,9212.5
1197,100.0,1,9312.5
1198,100.0,1,9412.5
1199,-200.0,0,9212.5
1200,100.0,1,9312.5
1201,-212.5,0,9100.0
1202,-200.0,0,8900.0
1203,112.5,1,9012.5
1204,100.0,1,9112.5
1205,-200.0,0,8912.5
1206,100.0,1,9012.5
1207,112.5,1,9125.0
1208,100.0,1,9225.0
1209,-212.5,0,9012.5
1210,100.0,1,9112.5
1211,-200.0,0,8912.5
1212,100.0,1,9012.5
1213,-200.0,0,8812.5
1214,112.5,1,8925.0
1215,-200.0,0,8725.0
1216,125.0,1,8850.0
1217,100.0,1,8950.0
1218,112.5,1,9062.5
1219,-200.0,0,8862.5
1220,100.0,1,8962.5
1221,-200.0,0,8762.5
1222,112.5,1,8875.0
1223,-212.5,0,8662.5
1224,-225.0,0,8437.5
1225,112.5,1,8550.0
1226,112.5,1,8662.5
1227,100.0,1,8762.5
1228,-200.0,0,8562.5
1229,112.5,1,8675.0
1230,112.5,1,8787.5
1231,-200.0,0,8587.5
1232,125.0,1,8712.5
1233,-212.5,0,8500.0
1234,-212.5,0,8287.5
1235,125.0,1,8412.5
1236,112.5,1,8525.0
1237,100.0,1,8625.0
1238,112.5,1,8737.5
1239,112.5,1,8850.0
1240,100.0,1,8950.0
1241,125.0,1,9075.0
1242,100.0,1,9175.0
1243,112.5,1,9287.5
1244,-200.0,0,9087.5
1245,100.0,1,9187.5
1246,112.5,1,9300.0
1247,-212.5,0,9087.5
1248,100.0,1,9187.5
1249,-212.5,0,8975.0
1250,-212.5,0,8762.5
1251,112.5,1,8875.0
1252,100.0,1,8975.0
1253,112.5,1,9087.5
1254,162.5,1,9250.0
1255,-200.0,0,9050.0
1256,-200.0,0,8850.0
1257,-225.0,0,8625.0
1258,137.5,1,8762.5
1259,-200.0,0,8562.5
1260,-200.0,0,8362.5
1261,-200.0,0,8162.5
1262,112.5,1,8275.0
1263,100.0,1,8375.0
1264,112.5,1,8487.5
1265,100.0,1,8587.5
1266,-200.0,0,8387.5
1267,-212.5,0,8175.0
1268,112.5,1,8287.5
1269,100.0,1,8387.5
1270,100.0,1,8487.5
1271,112.5,1,8600.0
1272,-200.0,0,8400.0
1273,112.5,1,8512.5
1274,-212.5,0,8300.0
1275,-212.5,0,8087.5
1276,-200.0,0,7887.5
1277,100.0,1,7987.5
1278,-212.5,0,7775.0
1279,100.0,1,7875.0
1280,-200.0,0,7675.0
1281,100.0,1,7775.0
1282,112.5,1,7887.5
1283,100.0,1,7987.5
1284,100.0,1,8087.5
1285,100.0,1,8187.5
1286,-200.0,0,7987.5
1287,112.5,1,8100.0
1288,100.0,1,8200.0
1289,100.0,1,8300.0
1290,100.0,1,8400.0
1291,-212.5,0,8187.5
1292,100.0,1,8287.5
1293,100.0,1,8387.5
1294,125.0,1,8512.5
1295,100.0,1,8612.5
1296,112.5,1,8725.0
1297,112.5,1,8837.5
1298,-200.0,0,8637.5
1299,-200.0,0,8437.5
1300,-212.5,0,8225.0
1301,-200.0,0,8025.0
1302,-200.0,0,7825.0
1303,100.0,1,7925.0
1304,-200.0,0,7725.0
1305,112.5,1,7837.5
1306,112.5,1,7950.0
1307,-237.5,0,7712.5
1308,-200.0,0,7512.5
1309,100.0,1,7612.5
1310,100.0,1,7712.5
1311,112.5,1,7825.0
1312,112.5,1,7937.5
1313,100.0,1,8037.5
1314,-212.5,0,7825.0
1315,-212.5,0,7612.5
1316,100.0,1,7712.5
1317,-200.0,0,7512.5
1318,100.0,1,7612.5
1319,100.0,1,7712.5
1320,-200.0,0,7512.5
1321,100.0,1,7612.5
1322,-200.0,0,7412.5
1323,100.0,1,7512.5
1324,100.0,1,7612.5
1325,-212.5,0,7400.0
1326,112.5,1,7512.5
1327,100.0,1,7612.5
1328,-200.0,0,7412.5
1329,100.0,1,7512.5
1330,112.5,1,7625.0
1331,100.0,1,7725.0
1332,125.0,1,7850.0
1333,100.0,1,7950.0
1334,100.0,1,8050.0
1335,100.0,1,8150.0
1336,112.5,1,8262.5
1337,-212.5,0,8050.0
1338,125.0,1,8175.0
1339,-212.5,0,7962.5
1340,137.5,1,8100.0
1341,100.0,1,8200.0
1342,100.0,1,8300.0
1343,-200.0,0,8100.0
1344,-200.0,0,7900.0
1345,-212.5,0,7687.5
1346,100.0,1,7787.5
1347,100.0,1,7887.5
1348,-200.0,0,7687.5
1349,100.0,1,7787.5
1350,112.5,1,7900.0
1351,100.0,1,8000.0
1352,-212.5,0,7787.5
1353,-225.0,0,7562.5
1354,100.0,1,7662.5
1355,-212.5,0,7450.0
1356,100.0,1,7550.0
1357,100.0,1,7650.0
1358,100.0,1,7750.0
1359,-200.0,0,7550.0
1360,112.5,1,7662.5
1361,112.5,1,7775.0
1362,112.5,1,7887.5
1363,100.0,1,7987.5
1364,137.5,1,8125.0
1365,100.0,1,8225.0
1366,125.0,1,8350.0
1367,-200.0,0,8150.0
1368,125.0,1,8275.0
1369,-200.0,0,8075.0
1370,100.0,1,8175.0
1371,100.0,1,8275.0
1372,125.0,1,8400.0
1373,112.5,1,8512.5
1374,-212.5,0,8300.0
1375,112.5,1,8412.5
1376,100.0,1,8512.5
1377,-212.5,0,8300.0
1378,112.5,1,8412.5
1379,-212.5,0,8200.0
1380,-200.0,0,8000.0
1381,-212.5,0,7787.5
1382,137.5,1,7925.0
1383,-200.0,0,7725.0
1384,-200.0,0,7525.0
1385,112.5,1,7637.5
1386,100.0,1,7737.5
1387,-200.0,0,7537.5
1388,-212.5,0,7325.0
1389,125.0,1,7450.0
1390,-200.0,0,7250.0
1391,100.0,1,7350.0
1392,100.0,1,7450.0
1393,-200.0,0,7250.0
1394,100.0,1,7350.0
1395,-200.0,0,7150.0
1396,-200.0,0,6950.0
1397,100.0,1,7050.0
1398,-200.0,0,6850.0
1399,100.0,1,6950.0
1400,125.0,1,7075.0
1401,112.5,1,7187.5
1402,-200.0,0,6987.5
1403,100.0,1,7087.5
1404,-200.0,0,6887.5
1405,187.5,1,7075.0
1406,112.5,1,7187.5
1407,100.0,1,7287.5
1408,100.0,1,7387.5
1409,100.0,1,7487.5
1410,112.5,1,7600.0
1411,-225.0,0,7375.0
1412,112.5,1,7487.5
1413,-212.5,0,7275.0
1414,100.0,1,7375.0
1415,100.0,1,7475.0
1416,-200.0,0,7275.0
1417,-200.0,0,7075.0
1418,100.0,1,7175.0
1419,-212.5,0,6962.5
1420,-212.5,0,6750.0
1421,100.0,1,6850.0
1422,112.5,1,6962.5
1423,112.5,1,7075.0
1424,-200.0,0,6875.0
1425,137.5,1,7012.5
1426,125.0,1,7137.5
1427,100.0,1,7237.5
1428,-200.0,0,7037.5
1429,-200.0,0,6837.5
1430,112.5,1,6950.0
1431,100.0,1,7050.0
1432,100.0,1,7150.0
1433,112.5,1,7262.5
1434,125.0,1,7387.5
1435,-212.5,0,7175.0
1436,125.0,1,7300.0
1437,-212.5,0,7087.5
1438,100.0,1,7187.5
1439,-200.0,0,6987.5
1440,137.5,1,7125.0
1441,100.0,1,7225.0
1442,112.5,1,7337.5
1443,100.0,1,7437.5
1444,100.0,1,7537.5
1445,-200.0,0,7337.5
1446,-200.0,0,7137.5
1447,112.5,1,7250.0
1448,100.0,1,7350.0
1449,-200.0,0,7150.0
1450,-200.0,0,6950.0
1451,112.5,1,7062.5
1452,-212.5,0,6850.0
1453,100.0,1,6950.0
1454,125.0,1,7075.0
1455,-200.0,0,6875.0
1456,125.0,1,7000.0
1457,112.5,1,7112.5
1458,112.5,1,7225.0
1459,100.0,1,7325.0
1460,-200.0,0,7125.0
1461,112.5,1,7237.5
1462,100.0,1,7337.5
1463,-212.5,0,7125.0
1464,-200.0,0,6925.0
1465,137.5,1,7062.5
1466,100.0,1,7162.5
1467,112.5,1,7275.0
1468,100.0,1,7375.0
1469,-212.5,0,7162.5
1470,-212.5,0,6950.0
1471,-200.0,0,6750.0
1472,112.5,1,6862.5
1473,100.0,1,6962.5
1474,100.0,1,7062.5
1475,-200.0,0,6862.5
1476,100.0,1,6962.5
1477,100.0,1,7062.5
1478,112.5,1,7175.0
1479,162.5,1,7337.5
1480,100.0,1,7437.5
1481,-212.5,0,7225.0
1482,100.0,1,7325.0
1483,-200.0,0,7125.0
1484,-200.0,0,6925.0
1485,100.0,1,7025.0
1486,112.5,1,7137.5
1487,100.0,1,7237.5
1488,112.5,1,7350.0
1489,-200.0,0,7150.0
1490,100.0,1,7250.0
1491,-237.5,0,7012.5
1492,100.0,1,7112.5
1493,112.5,1,7225.0
1494,100.0,1,7325.0
1495,137.5,1,7462.5
1496,137.5,1,7600.0
1497,100.0,1,7700.0
1498,112.5,1,7812.5
1499,100.0,1,7912.5
1500,112.5,1,8025.0
1501,112.5,1,8137.5
1502,112.5,1,8250.0
1503,100.0,1,8350.0
1504,-200.0,0,8150.0
1505,-212.5,0,7937.5
1506,100.0,1,8037.5
1507,137.5,1,8175.0
1508,100.0,1,8275.0
1509,100.0,1,8375.0
1510,112.5,1,8487.5
1511,-200.0,0,8287.5
1512,-200.0,0,8087.5
1513,-200.0,0,7887.5
1514,100.0,1,7987.5
1515,100.0,1,8087.5
1516,-212.5,0,7875.0
1517,112.5,1,7987.5
1518,-200.0,0,7787.5
1519,100.0,1,7887.5
1520,112.5,1,8000.0
1521,100.0,1,8100.0
1522,100.0,1,8200.0
1523,100.0,1,8300.0
1524,-212.5,0,8087.5
1525,-200.0,0,7887.5
1526,100.0,1,7987.5
1527,112.5,1,8100.0
1528,100.0,1,8200.0
1529,125.0,1,8325.0
1530,112.5,1,8437.5
1531,-212.5,0,8225.0
1532,100.0,1,8325.0
1533,100.0,1,8425.0
1534,100.0,1,8525.0
1535,-200.0,0,8325.0
1536,-237.5,0,8087.5
1537,100.0,1,8187.5
1538,100.0,1,8287.5
1539,-200.0,0,8087.5
1540,100.0,1,8187.5
1541,100.0,1,8287.5
1542,112.5,1,8400.0
1543,100.0,1,8500.0
1544,-200.0,0,8300.0
1545,112.5,1,8412.5
1546,112.5,1,8525.0
1547,100.0,1,8625.0
1548,-200.0,0,8425.0
1549,100.0,1,8525.0
1550,112.5,1,8637.5
1551,100.0,1,8737.5
1552,100.0,1,8837.5
1553,100.0,1,8937.5
1554,125.0,1,9062.5
1555,100.0,1,9162.5
1556,112.5,1,9275.0
1557,100.0,1,9375.0
1558,-212.5,0,9162.5
1559,112.5,1,9275.0
1560,-212.5,0,9062.5
1561,-200.0,0,8862.5
1562,112.5,1,8975.0
1563,100.0,1,9075.0
1564,-200.0,0,8875.0
1565,-212.5,0,8662.5
1566,125.0,1,8787.5
1567,-212.5,0,8575.0
1568,112.5,1,8687.5
1569,-200.0,0,8487.5
1570,100.0,1,8587.5
1571,100.0,1,8687.5
1572,125.0,1,8812.5
1573,100.0,1,8912.5
1574,100.0,1,9012.5
1575,100.0,1,9112.5
1576,100.0,1,9212.5
1577,100.0,1,9312.5
1578,-200.0,0,9112.5
1579,112.5,1,9225.0
1580,100.0,1,9325.0
1581,112.5,1,9437.5
1582,100.0,1,9537.5
1583,100.0,1,9637.5
1584,100.0,1,9737.5
1585,112.5,1,9850.0
1586,112.5,1,9962.5
1587,100.0,1,10062.5
1588,-200.0,0,9862.5
1589,112.5,1,9975.0
1590,112.5,1,10087.5
1591,-200.0,0,9887.5
1592,100.0,1,9987.5
1593,125.0,1,10112.5
1594,137.5,1,10250.0
1595,112.5,1,10362.5
1596,100.0,1,10462.5
1597,-200.0,0,10262.5
1598,100.0,1,10362.5
1599,112.5,1,10475.0
1600,-200.0,0,10275.0
1601,112.5,1,10387.5
1602,137.5,1,10525.0
1603,100.0,1,10625.0
1604,100.0,1,10725.0
1605,100.0,1,10825.0
1606,125.0,1,10950.0
1607,-212.5,0,10737.5
1608,100.0,1,10837.5
1609,125.0,1,10962.5
1610,112.5,1,11075.0
1611,-212.5,0,10862.5
1612,-200.0,0,10662.5
1613,112.5,1,10775.0
1614,112.5,1,10887.5
1615,-200.0,0,10687.5
1616,150.0,1,10837.5
1617,-212.5,0,10625.0
1618,-200.0,0,10425.0
1619,-200.0,0,10225.0
1620,-200.0,0,10025.0
1621,-237.5,0,9787.5
1622,100.0,1,9887.5
1623,112.5,1,10000.0
1624,125.0,1,10125.0
1625,112.5,1,10237.5
1626,-212.5,0,10025.0
1627,125.0,1,10150.0
1628,-212.5,0,9937.5
1629,125.0,1,10062.5
1630,-200.0,0,9862.5
1631,-212.5,0,9650.0
1632,112.5,1,9762.5
1633,-212.5,0,9550.0
1634,112.5,1,9662.5
1635,-212.5,0,9450.0
1636,125.0,1,9575.0
1637,112.5,1,9687.5
1638,100.0,1,9787.5
1639,-200.0,0,9587.5
1640,-212.5,0,9375.0
1641,100.0,1,9475.0
1642,-200.0,0,9275.0
1643,112.5,1,9387.5
1644,-225.0,0,9162.5
1645,100.0,1,9262.5
1646,100.0,1,9362.5
1647,100.0,1,9462.5
1648,-212.5,0,9250.0
1649,-225.0,0,9025.0
1650,100.0,1,9125.0
1651,100.0,1,9225.0
1652,112.5,1,9337.5
1653,-225.0,0,9112.5
1654,-200.0,0,8912.5
1655,-212.5,0,8700.0
1656,100.0,1,8800.0
1657,112.5,1,8912.5
1658,-200.0,0,8712.5
1659,-200.0,0,8512.5
1660,100.0,1,8612.5
1661,100.0,1,8712.5
1662,112.5,1,8825.0
1663,112.5,1,8937.5
1664,125.0,1,9062.5
1665,100.0,1,9162.5
1666,-200.0,0,8962.5
1667,112.5,1,9075.0
1668,-200.0,0,8875.0
1669,100.0,1,8975.0
1670,100.0,1,9075.0
1671,-200.0,0,8875.0
1672,100.0,1,8975.0
1673,125.0,1,9100.0
1674,-212.5,0,8887.5
1675,-200.0,0,8687.5
1676,100.0,1,8787.5
1677,-200.0,0,8587.5
1678,100.0,1,8687.5
1679,-212.5,0,8475.0
1680,100.0,1,8575.0
1681,-200.0,0,8375.0
1682,-212.5,0,8162.5
1683,-200.0,0,7962.5
1684,100.0,1,8062.5
1685,-200.0,0,7862.5
1686,112.5,1,7975.0
1687,112.5,1,8087.5
1688,125.0,1,8212.5
1689,125.0,1,8337.5
1690,-200.0,0,8137.5
1691,112.5,1,8250.0
1692,-212.5,0,8037.5
1693,100.0,1,8137.5
1694,100.0,1,8237.5
1695,100.0,1,8337.5
1696,112.5,1,8450.0
1697,-212.5,0,8237.5
1698,112.5,1,8350.0
1699,-200.0,0,8150.0
1700,100.0,1,8250.0
1701,100.0,1,8350.0
1702,100.0,1,8450.0
1703,100.0,1,8550.0
1704,-212.5,0,8337.5
1705,100.0,1,8437.5
1706,-200.0,0,8237.5
1707,100.0,1,8337.5
1708,-200.0,0,8137.5
1709,100.0,1,8237.5
1710,112.5,1,8350.0
1711,-200.0,0,8150.0
1712,112.5,1,8262.5
1713,100.0,1,8362.5
1714,-237.5,0,8125.0
1715,112.5,1,8237.5
1716,-212.5,0,8025.0
1717,-200.0,0,7825.0
1718,125.0,1,7950.0
1719,112.5,1,8062.5
1720,100.0,1,8162.5
1721,-200.0,0,7962.5
1722,125.0,1,8087.5
1723,100.0,1,8187.5
1724,-200.0,0,7987.5
1725,-212.5,0,7775.0
1726,-200.0,0,7575.0
1727,112.5,1,7687.5
1728,112.5,1,7800.0
1729,-200.0,0,7600.0
1730,100.0,1,7700.0
1731,125.0,1,7825.0
1732,100.0,1,7925.0
1733,112.5,1,8037.5
1734,100.0,1,8137.5
1735,100.0,1,8237.5
1736,-200.0,0,8037.5
1737,-212.5,0,7825.0
1738,-212.5,0,7612.5
1739,112.5,1,7725.0
1740,125.0,1,7850.0
1741,125.0,1,7975.0
1742,100.0,1,8075.0
1743,125.0,1,8200.0
1744,137.5,1,8337.5
1745,125.0,1,8462.5
1746,112.5,1,8575.0
1747,100.0,1,8675.0
1748,-200.0,0,8475.0
1749,-200.0,0,8275.0
1750,112.5,1,8387.5
1751,-200.0,0,8187.5
1752,100.0,1,8287.5
1753,112.5,1,8400.0
1754,-200.0,0,8200.0
1755,100.0,1,8300.0
1756,112.5,1,8412.5
1757,100.0,1,8512.5
1758,112.5,1,8625.0
1759,-212.5,0,8412.5
1760,-200.0,0,8212.5
1761,100.0,1,8312.5
1762,112.5,1,8425.0
1763,112.5,1,8537.5
1764,100.0,1,8637.5
1765,100.0,1,8737.5
1766,-212.5,0,8525.0
1767,100.0,1,8625.0
1768,-200.0,0,8425.0
1769,112.5,1,8537.5
1770,100.0,1,8637.5
1771,112.5,1,8750.0
1772,100.0,1,8850.0
1773,-200.0,0,8650.0
1774,162.5,1,8812.5
1775,125.0,1,8937.5
1776,125.0,1,9062.5
1777,100.0,1,9162.5
1778,100.0,1,9262.5
1779,100.0,1,9362.5
1780,-250.0,0,9112.5
1781,-200.0,0,8912.5
1782,-200.0,0,8712.5
1783,100.0,1,8812.5
1784,112.5,1,8925.0
1785,-200.0,0,8725.0
1786,100.0,1,8825.0
1787,-200.0,0,8625.0
1788,100.0,1,8725.0
1789,-200.0,0,8525.0
1790,112.5,1,8637.5
1791,-200.0,0,8437.5
1792,100.0,1,8537.5
1793,-200.0,0,8337.5
1794,-200.0,0,8137.5
1795,100.0,1,8237.5
1796,-200.0,0,8037.5
1797,100.0,1,8137.5
1798,100.0,1,8237.5
1799,-212.5,0,8025.0
1800,100.0,1,8125.0
1801,112.5,1,8237.5
1802,112.5,1,8350.0
1803,150.0,1,8500.0
1804,100.0,1,8600.0
1805,-200.0,0,8400.0
1806,100.0,1,8500.0
1807,-225.0,0,8275.0
1808,100.0,1,8375.0
1809,112.5,1,8487.5
1810,100.0,1,8587.5
1811,-200.0,0,8387.5
1812,-200.0,0,8187.5
1813,125.0,1,8312.5
1814,100.0,1,8412.5
1815,100.0,1,8512.5
1816,100.0,1,8612.5
1817,100.0,1,8712.5
1818,100.0,1,8812.5
1819,100.0,1,8912.5
1820,100.0,1,9012.5
1821,100.0,1,9112.5
1822,100.0,1,9212.5
1823,112.5,1,9325.0
1824,150.0,1,9475.0
1825,100.0,1,9575.0
1826,100.0,1,9675.0
1827,100.0,1,9775.0
1828,112.5,1,9887.5
1829,100.0,1,9987.5
1830,-212.5,0,9775.0
1831,-200.0,0,9575.0
1832,100.0,1,9675.0
1833,-212.5,0,9462.5
1834,112.5,1,9575.0
1835,100.0,1,9675.0
1836,-200.0,0,9475.0
1837,137.5,1,9612.5
1838,-212.5,0,9400.0
1839,-212.5,0,9187.5
1840,-212.5,0,8975.0
1841,100.0,1,9075.0
1842,-225.0,0,8850.0
1843,-200.0,0,8650.0
1844,112.5,1,8762.5
1845,-212.5,0,8550.0
1846,112.5,1,8662.5
1847,112.5,1,8775.0
1848,-212.5,0,8562.5
1849,-212.5,0,8350.0
1850,100.0,1,8450.0
1851,-200.0,0,8250.0
1852,-200.0,0,8050.0
1853,-200.0,0,7850.0
1854,112.5,1,7962.5
1855,112.5,1,8075.0
1856,150.0,1,8225.0
1857,112.5,1,8337.5
1858,100.0,1,8437.5
1859,-212.5,0,8225.0
1860,112.5,1,8337.5
1861,112.5,1,8450.0
1862,112.5,1,8562.5
1863,-200.0,0,8362.5
1864,100.0,1,8462.5
1865,100.0,1,8562.5
1866,-200.0,0,8362.5
1867,-212.5,0,8150.0
1868,112.5,1,8262.5
1869,-200.0,0,8062.5
1870,100.0,1,8162.5
1871,-237.5,0,7925.0
1872,100.0,1,8025.0
1873,112.5,1,8137.5
1874,100.0,1,8237.5
1875,112.5,1,8350.0
1876,125.0,1,8475.0
1877,212.5,1,8687.5
1878,100.0,1,8787.5
1879,100.0,1,8887.5
1880,100.0,1,8987.5
1881,100.0,1,9087.5
1882,-212.5,0,8875.0
1883,125.0,1,9000.0
1884,-212.5,0,8787.5
1885,100.0,1,8887.5
1886,112.5,1,9000.0
1887,100.0,1,9100.0
1888,-200.0,0,8900.0
1889,112.5,1,9012.5
1890,100.0,1,9112.5
1891,137.5,1,9250.0
1892,-200.0,0,9050.0
1893,100.0,1,9150.0
1894,-200.0,0,8950.0
1895,112.5,1,9062.5
1896,100.0,1,9162.5
1897,112.5,1,9275.0
1898,-200.0,0,9075.0
1899,112.5,1,9187.5
1900,112.5,1,9300.0
1901,-200.0,0,9100.0
1902,100.0,1,9200.0
1903,-200.0,0,9000.0
1904,-225.0,0,8775.0
1905,-200.0,0,8575.0
1906,112.5,1,8687.5
1907,100.0,1,8787.5
1908,-200.0,0,8587.5
1909,100.0,1,8687.5
1910,112.5,1,8800.0
1911,137.5,1,8937.5
1912,100.0,1,9037.5
1913,100.0,1,9137.5
1914,-200.0,0,8937.5
1915,-212.5,0,8725.0
1916,112.5,1,8837.5
1917,-200.0,0,8637.5
1918,100.0,1,8737.5
1919,-200.0,0,8537.5
1920,100.0,1,8637.5
1921,-200.0,0,8437.5
1922,112.5,1,8550.0
1923,100.0,1,8650.0
1924,100.0,1,8750.0
1925,100.0,1,8850.0
1926,-200.0,0,8650.0
1927,100.0,1,8750.0
1928,100.0,1,8850.0
1929,100.0,1,8950.0
1930,100.0,1,9050.0
1931,-212.5,0,8837.5
1932,100.0,1,8937.5
1933,100.0,1,9037.5
1934,-212.5,0,8825.0
1935,112.5,1,8937.5
1936,112.5,1,9050.0
1937,112.5,1,9162.5
1938,137.5,1,9300.0
1939,100.0,1,9400.0
1940,-200.0,0,9200.0
1941,-200.0,0,9000.0
1942,-212.5,0,8787.5
1943,100.0,1,8887.5
1944,-200.0,0,8687.5
1945,-200.0,0,8487.5
1946,-212.5,0,8275.0
1947,-212.5,0,8062.5
1948,100.0,1,8162.5
1949,-200.0,0,7962.5
1950,137.5,1,8100.0
1951,125.0,1,8225.0
1952,112.5,1,8337.5
1953,-212.5,0,8125.0
1954,100.0,1,8225.0
1955,112.5,1,8337.5
1956,-200.0,0,8137.5
1957,100.0,1,8237.5
1958,-212.5,0,8025.0
1959,112.5,1,8137.5
1960,-200.0,0,7937.5
1961,-212.5,0,7725.0
1962,-200.0,0,7525.0
1963,-225.0,0,7300.0
1964,100.0,1,7400.0
1965,125.0,1,7525.0
1966,112.5,1,7637.5
1967,100.0,1,7737.5
1968,-200.0,0,7537.5
1969,100.0,1,7637.5
1970,112.5,1,7750.0
1971,112.5,1,7862.5
1972,-212.5,0,7650.0
1973,-212.5,0,7437.5
1974,112.5,1,7550.0
1975,-200.0,0,7350.0
1976,100.0,1,7450.0
1977,112.5,1,7562.5
1978,100.0,1,7662.5
1979,-200.0,0,7462.5
1980,-212.5,0,7250.0
1981,100.0,1,7350.0
1982,-212.5,0,7137.5
1983,112.5,1,7250.0
1984,112.5,1,7362.5
1985,-212.5,0,7150.0
1986,-200.0,0,6950.0
1987,-200.0,0,6750.0
1988,112.5,1,6862.5
1989,-212.5,0,6650.0
1990,112.5,1,6762.5
1991,-200.0,0,6562.5
1992,112.5,1,6675.0
1993,100.0,1,6775.0
1994,-225.0,0,6550.0
1995,100.0,1,6650.0
1996,100.0,1,6750.0
1997,112.5,1,6862.5
1998,100.0,1,6962.5
1999,112.5,1,7075.0
2000,100.0,1,7175.0
2001,-200.0,0,6975.0
2002,112.5,1,7087.5
2003,100.0,1,7187.5
2004,150.0,1,7337.5
2005,-200.0,0,7137.5
2006,-237.5,0,6900.0
2007,100.0,1,7000.0
2008,112.5,1,7112.5
2009,-212.5,0,6900.0
2010,100.0,1,7000.0
2011,112.5,1,7112.5
2012,-200.0,0,6912.5
2013,112.5,1,7025.0
2014,100.0,1,7125.0
2015,-212.5,0,6912.5
2016,112.5,1,7025.0
2017,-200.0,0,6825.0
2018,-237.5,0,6587.5
2019,100.0,1,6687.5
2020,100.0,1,6787.5
2021,112.5,1,6900.0
2022,100.0,1,7000.0
2023,-200.0,0,6800.0
2024,125.0,1,6925.0
2025,112.5,1,7037.5
2026,-200.0,0,6837.5
2027,-200.0,0,6637.5
2028,-200.0,0,6437.5
2029,125.0,1,6562.5
2030,-200.0,0,6362.5
2031,-200.0,0,6162.5
2032,100.0,1,6262.5
2033,100.0,1,6362.5
2034,125.0,1,6487.5
2035,100.0,1,6587.5
2036,100.0,1,6687.5
2037,112.5,1,6800.0
2038,-200.0,0,6600.0
2039,100.0,1,6700.0
2040,100.0,1,6800.0
2041,112.5,1,6912.5
2042,112.5,1,7025.0
2043,-212.5,0,6812.5
2044,-200.0,0,6612.5
2045,137.5,1,6750.0
2046,100.0,1,6850.0
2047,-200.0,0,6650.0
2048,100.0,1,6750.0
2049,112.5,1,6862.5
2050,112.5,1,6975.0
2051,125.0,1,7100.0
2052,-212.5,0,6887.5
2053,-200.0,0,6687.5
2054,-212.5,0,6475.0
2055,100.0,1,6575.0
2056,112.5,1,6687.5
2057,-200.0,0,6487.5
2058,-212.5,0,6275.0
2059,100.0,1,6375.0
2060,112.5,1,6487.5
2061,-212.5,0,6275.0
2062,-200.0,0,6075.0
2063,100.0,1,6175.0
2064,-212.5,0,5962.5
2065,100.0,1,6062.5
2066,100.0,1,6162.5
2067,-212.5,0,5950.0
2068,-200.0,0,5750.0
2069,-200.0,0,5550.0
2070,100.0,1,5650.0
2071,-200.0,0,5450.0
2072,100.0,1,5550.0
2073,112.5,1,5662.5
2074,-212.5,0,5450.0
2075,100.0,1,5550.0
2076,100.0,1,5650.0
2077,-200.0,0,5450.0
2078,112.5,1,5562.5
2079,-225.0,0,5337.5
2080,112.5,1,5450.0
2081,125.0,1,5575.0
2082,112.5,1,5687.5
2083,100.0,1,5787.5
2084,112.5,1,5900.0
2085,112.5,1,6012.5
2086,100.0,1,6112.5
2087,-200.0,0,5912.5
2088,-212.5,0,5700.0
2089,100.0,1,5800.0
2090,-212.5,0,5587.5
2091,100.0,1,5687.5
2092,-200.0,0,5487.5
2093,125.0,1,5612.5
2094,100.0,1,5712.5
2095,-200.0,0,5512.5
2096,100.0,1,5612.5
2097,-200.0,0,5412.5
2098,100.0,1,5512.5
2099,100.0,1,5612.5
2100,-200.0,0,5412.5
2101,-212.5,0,5200.0
2102,100.0,1,5300.0
2103,100.0,1,5400.0
2104,137.5,1,5537.5
2105,100.0,1,5637.5
2106,100.0,1,5737.5
2107,100.0,1,5837.5
2108,137.5,1,5975.0
2109,-212.5,0,5762.5
2110,100.0,1,5862.5
2111,100.0,1,5962.5
2112,100.0,1,6062.5
2113,-200.0,0,5862.5
2114,-200.0,0,5662.5
2115,112.5,1,5775.0
2116,-200.0,0,5575.0
2117,-200.0,0,5375.0
2118,112.5,1,5487.5
2119,-200.0,0,5287.5
2120,112.5,1,5400.0
2121,-200.0,0,5200.0
2122,-212.5,0,4987.5
2123,-200.0,0,4787.5
2124,100.0,1,4887.5
2125,100.0,1,4987.5
2126,100.0,1,5087.5
2127,100.0,1,5187.5
2128,100.0,1,5287.5
2129,112.5,1,5400.0
2130,100.0,1,5500.0
2131,112.5,1,5612.5
2132,112.5,1,5725.0
2133,112.5,1,5837.5
2134,-212.5,0,5625.0
2135,100.0,1,5725.0
2136,112.5,1,5837.5
2137,100.0,1,5937.5
2138,112.5,1,6050.0
2139,100.0,1,6150.0
2140,-200.0,0,5950.0
2141,-212.5,0,5737.5
2142,-200.0,0,5537.5
2143,-212.5,0,5325.0
2144,112.5,1,5437.5
2145,112.5,1,5550.0
2146,-200.0,0,5350.0
2147,112.5,1,5462.5
2148,100.0,1,5562.5
2149,-212.5,0,5350.0
2150,-212.5,0,5137.5
2151,100.0,1,5237.5
2152,-200.0,0,5037.5
2153,-212.5,0,4825.0
2154,-200.0,0,4625.0
2155,112.5,1,4737.5
2156,100.0,1,4837.5
2157,100.0,1,4937.5
2158,-212.5,0,4725.0
2159,100.0,1,4825.0
2160,100.0,1,4925.0
2161,-200.0,0,4725.0
2162,-200.0,0,4525.0
2163,100.0,1,4625.0
2164,100.0,1,4725.0
2165,112.5,1,4837.5
2166,100.0,1,4937.5
2167,112.5,1,5050.0
2168,-200.0,0,4850.0
2169,100.0,1,4950.0
2170,-200.0,0,4750.0
2171,100.0,1,4850.0
2172,125.0,1,4975.0
2173,-225.0,0,4750.0
2174,100.0,1,4850.0
2175,100.0,1,4950.0
2176,-225.0,0,4725.0
2177,-212.5,0,4512.5
2178,112.5,1,4625.0
2179,-200.0,0,4425.0
2180,125.0,1,4550.0
2181,-200.0,0,4350.0
2182,112.5,1,4462.5
2183,-200.0,0,4262.5
2184,125.0,1,4387.5
2185,100.0,1,4487.5
2186,125.0,1,4612.5
2187,112.5,1,4725.0
2188,125.0,1,4850.0
2189,-200.0,0,4650.0
2190,100.0,1,4750.0
2191,-200.0,0,4550.0
2192,100.0,1,4650.0
2193,-237.5,0,4412.5
2194,100.0,1,4512.5
2195,-212.5,0,4300.0
2196,100.0,1,4400.0
2197,100.0,1,4500.0
2198,-212.5,0,4287.5
2199,112.5,1,4400.0
2200,100.0,1,4500.0
2201,100.0,1,4600.0
2202,125.0,1,4725.0
2203,112.5,1,4837.5
2204,100.0,1,4937.5
2205,100.0,1,5037.5
2206,-200.0,0,4837.5
2207,125.0,1,4962.5
2208,100.0,1,5062.5
2209,100.0,1,5162.5
2210,100.0,1,5262.5
2211,-200.0,0,5062.5
2212,-200.0,0,4862.5
2213,125.0,1,4987.5
2214,100.0,1,5087.5
2215,100.0,1,5187.5
2216,112.5,1,5300.0
2217,-200.0,0,5100.0
2218,100.0,1,5200.0
2219,125.0,1,5325.0
2220,112.5,1,5437.5
2221,-200.0,0,5237.5
2222,112.5,1,5350.0
2223,-200.0,0,5150.0
2224,-200.0,0,4950.0
2225,125.0,1,5075.0
2226,-212.5,0,4862.5
2227,112.5,1,4975.0
2228,100.0,1,5075.0
2229,100.0,1,5175.0
2230,100.0,1,5275.0
2231,100.0,1,5375.0
2232,100.0,1,5475.0
2233,100.0,1,5575.0
2234,112.5,1,5687.5
2235,-212.5,0,5475.0
2236,-200.0,0,5275.0
2237,-225.0,0,5050.0
2238,112.5,1,5162.5
2239,100.0,1,5262.5
2240,125.0,1,5387.5
2241,-200.0,0,5187.5
2242,112.5,1,5300.0
2243,-200.0,0,5100.0
2244,100.0,1,5200.0
2245,-200.0,0,5000.0
2246,100.0,1,5100.0
2247,-200.0,0,4900.0
2248,100.0,1,5000.0
2249,100.0,1,5100.0
2250,100.0,1,5200.0
2251,-225.0,0,4975.0
2252,100.0,1,5075.0
2253,112.5,1,5187.5
2254,112.5,1,5300.0
2255,-200.0,0,5100.0
2256,125.0,1,5225.0
2257,100.0,1,5325.0
2258,-212.5,0,5112.5
2259,100.0,1,5212.5
2260,-200.0,0,5012.5
2261,137.5,1,5150.0
2262,112.5,1,5262.5
2263,-212.5,0,5050.0
2264,112.5,1,5162.5
2265,-200.0,0,4962.5
2266,-200.0,0,4762.5
2267,100.0,1,4862.5
2268,100.0,1,4962.5
2269,-200.0,0,4762.5
2270,100.0,1,4862.5
2271,-225.0,0,4637.5
2272,112.5,1,4750.0
2273,-200.0,0,4550.0
2274,112.5,1,4662.5
2275,100.0,1,4762.5
2276,112.5,1,4875.0
2277,-200.0,0,4675.0
2278,112.5,1,4787.5
2279,100.0,1,4887.5
2280,125.0,1,5012.5
2281,-212.5,0,4800.0
2282,-212.5,0,4587.5
2283,125.0,1,4712.5
2284,112.5,1,4825.0
2285,137.5,1,4962.5
2286,125.0,1,5087.5
2287,137.5,1,5225.0
2288,100.0,1,5325.0
2289,100.0,1,5425.0
2290,-212.5,0,5212.5
2291,-237.5,0,4975.0
2292,100.0,1,5075.0
2293,100.0,1,5175.0
2294,100.0,1,5275.0
2295,100.0,1,5375.0
2296,112.5,1,5487.5
2297,-200.0,0,5287.5
2298,100.0,1,5387.5
2299,100.0,1,5487.5
2300,125.0,1,5612.5
2301,112.5,1,5725.0
2302,100.0,1,5825.0
2303,100.0,1,5925.0
2304,-225.0,0,5700.0
2305,100.0,1,5800.0
2306,-212.5,0,5587.5
2307,100.0,1,5687.5
2308,100.0,1,5787.5
2309,112.5,1,5900.0
2310,100.0,1,6000.0
2311,112.5,1,6112.5
2312,112.5,1,6225.0
2313,100.0,1,6325.0
2314,-212.5,0,6112.5
2315,150.0,1,6262.5
2316,-200.0,0,6062.5
2317,100.0,1,6162.5
2318,112.5,1,6275.0
2319,112.5,1,6387.5
2320,100.0,1,6487.5
2321,112.5,1,6600.0
2322,112.5,1,6712.5
2323,-200.0,0,6512.5
2324,100.0,1,6612.5
2325,112.5,1,6725.0
2326,125.0,1,6850.0
2327,112.5,1,6962.5
2328,-200.0,0,6762.5
2329,-225.0,0,6537.5
2330,-212.5,0,6325.0
2331,125.0,1,6450.0
2332,112.5,1,6562.5
2333,100.0,1,6662.5
2334,100.0,1,6762.5
2335,-212.5,0,6550.0
2336,-200.0,0,6350.0
2337,100.0,1,6450.0
2338,100.0,1,6550.0
2339,100.0,1,6650.0
2340,112.5,1,6762.5
2341,-212.5,0,6550.0
2342,100.0,1,6650.0
2343,-200.0,0,6450.0
2344,-200.0,0,6250.0
2345,112.5,1,6362.5
2346,100.0,1,6462.5
2347,-200.0,0,6262.5
2348,112.5,1,6375.0
2349,112.5,1,6487.5
2350,112.5,1,6600.0
2351,100.0,1,6700.0
2352,100.0,1,6800.0
2353,-212.5,0,6587.5
2354,125.0,1,6712.5
2355,-200.0,0,6512.5
2356,112.5,1,6625.0
2357,100.0,1,6725.0
2358,112.5,1,6837.5
2359,125.0,1,6962.5
2360,100.0,1,7062.5
2361,100.0,1,7162.5
2362,100.0,1,7262.5
2363,112.5,1,7375.0
2364,100.0,1,7475.0
2365,100.0,1,7575.0
2366,-200.0,0,7375.0
2367,-200.0,0,7175.0
2368,-200.0,0,6975.0
2369,-200.0,0,6775.0
2370,112.5,1,6887.5
2371,112.5,1,7000.0
2372,100.0,1,7100.0
2373,-200.0,0,6900.0
2374,-200.0,0,6700.0
2375,-200.0,0,6500.0
2376,-200.0,0,6300.0
2377,112.5,1,6412.5
2378,112.5,1,6525.0
2379,-200.0,0,6325.0
2380,100.0,1,6425.0
2381,100.0,1,6525.0
2382,-212.5,0,6312.5
2383,112.5,1,6425.0
2384,100.0,1,6525.0
2385,112.5,1,6637.5
2386,-212.5,0,6425.0
2387,-200.0,0,6225.0
2388,100.0,1,6325.0
2389,-212.5,0,6112.5
2390,-200.0,0,5912.5
2391,100.0,1,6012.5
2392,112.5,1,6125.0
2393,-200.0,0,5925.0
2394,125.0,1,6050.0
2395,100.0,1,6150.0
2396,-200.0,0,5950.0
2397,112.5,1,6062.5
2398,100.0,1,6162.5
2399,100.0,1,6262.5
2400,-200.0,0,6062.5
2401,-200.0,0,5862.5
2402,112.5,1,5975.0
2403,-200.0,0,5775.0
2404,100.0,1,5875.0
2405,-225.0,0,5650.0
2406,100.0,1,5750.0
2407,100.0,1,5850.0
2408,137.5,1,5987.5
2409,112.5,1,6100.0
2410,112.5,1,6212.5
2411,-200.0,0,6012.5
2412,112.5,1,6125.0
2413,100.0,1,6225.0
2414,100.0,1,6325.0
2415,-200.0,0,6125.0
2416,112.5,1,6237.5
2417,100.0,1,6337.5
2418,112.5,1,6450.0
2419,-212.5,0,6237.5
2420,112.5,1,6350.0
2421,-212.5,0,6137.5
2422,-200.0,0,5937.5
2423,100.0,1,6037.5
2424,112.5,1,6150.0
2425,100.0,1,6250.0
2426,-212.5,0,6037.5
2427,100.0,1,6137.5
2428,100.0,1,6237.5
2429,100.0,1,6337.5
2430,-200.0,0,6137.5
2431,112.5,1,6250.0
2432,100.0,1,6350.0
2433,100.0,1,6450.0
2434,100.0,1,6550.0
2435,-200.0,0,6350.0
2436,100.0,1,6450.0
2437,100.0,1,6550.0
2438,112.5,1,6662.5
2439,112.5,1,6775.0
2440,100.0,1,6875.0
2441,100.0,1,6975.0
2442,100.0,1,7075.0
2443,112.5,1,7187.5
2444,125.0,1,7312.5
2445,100.0,1,7412.5
2446,112.5,1,7525.0
2447,-212.5,0,7312.5
2448,100.0,1,7412.5
2449,100.0,1,7512.5
2450,112.5,1,7625.0
2451,-225.0,0,7400.0
2452,-200.0,0,7200.0
2453,100.0,1,7300.0
2454,100.0,1,7400.0
2455,112.5,1,7512.5
2456,100.0,1,7612.5
2457,100.0,1,7712.5
2458,112.5,1,7825.0
2459,100.0,1,7925.0
2460,100.0,1,8025.0
2461,100.0,1,8125.0
2462,112.5,1,8237.5
2463,-200.0,0,8037.5
2464,-200.0,0,7837.5
2465,-200.0,0,7637.5
2466,125.0,1,7762.5
2467,125.0,1,7887.5
2468,100.0,1,7987.5
2469,-212.5,0,7775.0
2470,125.0,1,7900.0
2471,-212.5,0,7687.5
2472,100.0,1,7787.5
2473,-200.0,0,7587.5
2474,100.0,1,7687.5
2475,112.5,1,7800.0
2476,-212.5,0,7587.5
2477,100.0,1,7687.5
2478,-200.0,0,7487.5
2479,-200.0,0,7287.5
2480,100.0,1,7387.5
2481,100.0,1,7487.5
2482,125.0,1,7612.5
2483,-200.0,0,7412.5
2484,-200.0,0,7212.5
2485,100.0,1,7312.5
2486,112.5,1,7425.0
2487,112.5,1,7537.5
2488,100.0,1,7637.5
2489,100.0,1,7737.5
2490,-200.0,0,7537.5
2491,100.0,1,7637.5
2492,-200.0,0,7437.5
2493,-200.0,0,7237.5
2494,-200.0,0,7037.5
2495,112.5,1,7150.0
2496,112.5,1,7262.5
2497,100.0,1,7362.5
2498,112.5,1,7475.0
2499,125.0,1,7600.0
2500,100.0,1,7700.0
2501,-200.0,0,7500.0
2502,100.0,1,7600.0
2503,-212.5,0,7387.5
2504,112.5,1,7500.0
2505,112.5,1,7612.5
2506,112.5,1,7725.0
2507,-212.5,0,7512.5
2508,100.0,1,7612.5
2509,100.0,1,7712.5
2510,100.0,1,7812.5
2511,112.5,1,7925.0
2512,-200.0,0,7725.0
2513,-225.0,0,7500.0
2514,112.5,1,7612.5
2515,100.0,1,7712.5
2516,100.0,1,7812.5
2517,112.5,1,7925.0
2518,125.0,1,8050.0
2519,112.5,1,8162.5
2520,137.5,1,8300.0
2521,112.5,1,8412.5
2522,100.0,1,8512.5
2523,-212.5,0,8300.0
2524,100.0,1,8400.0
2525,125.0,1,8525.0
2526,137.5,1,8662.5
2527,112.5,1,8775.0
2528,100.0,1,8875.0
2529,112.5,1,8987.5
2530,-212.5,0,8775.0
2531,-200.0,0,8575.0
2532,100.0,1,8675.0
2533,-200.0,0,8475.0
2534,-200.0,0,8275.0
2535,-200.0,0,8075.0
2536,125.0,1,8200.0
2537,137.5,1,8337.5
2538,100.0,1,8437.5
2539,112.5,1,8550.0
2540,100.0,1,8650.0
2541,-200.0,0,8450.0
2542,100.0,1,8550.0
2543,112.5,1,8662.5
2544,-225.0,0,8437.5
2545,112.5,1,8550.0
2546,112.5,1,8662.5
2547,-200.0,0,8462.5
2548,137.5,1,8600.0
2549,100.0,1,8700.0
2550,112.5,1,8812.5
2551,137.5,1,8950.0
2552,112.5,1,9062.5
2553,-200.0,0,8862.5
2554,-200.0,0,8662.5
2555,137.5,1,8800.0
2556,112.5,1,8912.5
2557,100.0,1,9012.5
2558,100.0,1,9112.5
2559,100.0,1,9212.5
2560,112.5,1,9325.0
2561,100.0,1,9425.0
2562,100.0,1,9525.0
2563,100.0,1,9625.0
2564,-200.0,0,9425.0
2565,-200.0,0,9225.0
2566,-212.5,0,9012.5
2567,-200.0,0,8812.5
2568,100.0,1,8912.5
2569,-200.0,0,8712.5
2570,112.5,1,8825.0
2571,100.0,1,8925.0
2572,112.5,1,9037.5
2573,125.0,1,9162.5
2574,112.5,1,9275.0
2575,112.5,1,9387.5
2576,-237.5,0,9150.0
2577,100.0,1,9250.0
2578,-200.0,0,9050.0
2579,-212.5,0,8837.5
2580,125.0,1,8962.5
2581,100.0,1,9062.5
2582,112.5,1,9175.0
2583,-212.5,0,8962.5
2584,112.5,1,9075.0
2585,-200.0,0,8875.0
2586,-200.0,0,8675.0
2587,-212.5,0,8462.5
2588,125.0,1,8587.5
2589,100.0,1,8687.5
2590,-212.5,0,8475.0
2591,100.0,1,8575.0
2592,112.5,1,8687.5
2593,112.5,1,8800.0
2594,100.0,1,8900.0
2595,100.0,1,9000.0
2596,100.0,1,9100.0
2597,-212.5,0,8887.5
2598,150.0,1,9037.5
2599,-212.5,0,8825.0
2600,-200.0,0,8625.0
2601,100.0,1,8725.0
2602,125.0,1,8850.0
2603,100.0,1,8950.0
2604,100.0,1,9050.0
2605,112.5,1,9162.5
2606,112.5,1,9275.0
2607,-212.5,0,9062.5
2608,100.0,1,9162.5
2609,100.0,1,9262.5
2610,-212.5,0,9050.0
2611,100.0,1,9150.0
2612,-200.0,0,8950.0
2613,100.0,1,9050.0
2614,-200.0,0,8850.0
2615,100.0,1,8950.0
2616,112.5,1,9062.5
2617,100.0,1,9162.5
2618,112.5,1,9275.0
2619,112.5,1,9387.5
2620,-212.5,0,9175.0
2621,-200.0,0,8975.0
2622,-200.0,0,8775.0
2623,112.5,1,8887.5
2624,-212.5,0,8675.0
2625,100.0,1,8775.0
2626,112.5,1,8887.5
2627,137.5,1,9025.0
2628,-212.5,0,8812.5
2629,137.5,1,8950.0
2630,112.5,1,9062.5
2631,-200.0,0,8862.5
2632,100.0,1,8962.5
2633,-200.0,0,8762.5
2634,-200.0,0,8562.5
2635,100.0,1,8662.5
2636,100.0,1,8762.5
2637,112.5,1,8875.0
2638,112.5,1,8987.5
2639,-212.5,0,8775.0
2640,-225.0,0,8550.0
2641,-200.0,0,8350.0
2642,100.0,1,8450.0
2643,100.0,1,8550.0
2644,100.0,1,8650.0
2645,-212.5,0,8437.5
2646,-212.5,0,8225.0
2647,137.5,1,8362.5
2648,100.0,1,8462.5
2649,-225.0,0,8237.5
2650,-237.5,0,8000.0
2651,100.0,1,8100.0
2652,100.0,1,8200.0
2653,112.5,1,8312.5
2654,150.0,1,8462.5
2655,112.5,1,8575.0
2656,112.5,1,8687.5
2657,-212.5,0,8475.0
2658,112.5,1,8587.5
2659,-200.0,0,8387.5
2660,100.0,1,8487.5
2661,100.0,1,8587.5
2662,-200.0,0,8387.5
2663,100.0,1,8487.5
2664,100.0,1,8587.5
2665,-200.0,0,8387.5
2666,100.0,1,8487.5
2667,100.0,1,8587.5
2668,112.5,1,8700.0
2669,-200.0,0,8500.0
2670,112.5,1,8612.5
2671,100.0,1,8712.5
2672,100.0,1,8812.5
2673,112.5,1,8925.0
2674,100.0,1,9025.0
2675,-212.5,0,8812.5
2676,-200.0,0,8612.5
2677,100.0,1,8712.5
2678,100.0,1,8812.5
2679,112.5,1,8925.0
2680,-200.0,0,8725.0
2681,100.0,1,8825.0
2682,112.5,1,8937.5
2683,-200.0,0,8737.5
2684,112.5,1,8850.0
2685,-225.0,0,8625.0
2686,-200.0,0,8425.0
2687,112.5,1,8537.5
2688,-212.5,0,8325.0
2689,-200.0,0,8125.0
2690,-200.0,0,7925.0
2691,112.5,1,8037.5
2692,112.5,1,8150.0
2693,-212.5,0,7937.5
2694,125.0,1,8062.5
2695,100.0,1,8162.5
2696,-200.0,0,7962.5
2697,100.0,1,8062.5
2698,100.0,1,8162.5
2699,100.0,1,8262.5
2700,112.5,1,8375.0
2701,100.0,1,8475.0
2702,112.5,1,8587.5
2703,137.5,1,8725.0
2704,112.5,1,8837.5
2705,-200.0,0,8637.5
2706,-200.0,0,8437.5
2707,100.0,1,8537.5
2708,-200.0,0,8337.5
2709,100.0,1,8437.5
2710,100.0,1,8537.5
2711,112.5,1,8650.0
2712,-200.0,0,8450.0
2713,112.5,1,8562.5
2714,100.0,1,8662.5
2715,-212.5,0,8450.0
2716,-212.5,0,8237.5
2717,100.0,1,8337.5
2718,100.0,1,8437.5
2719,100.0,1,8537.5
2720,125.0,1,8662.5
2721,100.0,1,8762.5
2722,100.0,1,8862.5
2723,112.5,1,8975.0
2724,137.5,1,9112.5
2725,112.5,1,9225.0
2726,100.0,1,9325.0
2727,-212.5,0,9112.5
2728,-200.0,0,8912.5
2729,112.5,1,9025.0
2730,-200.0,0,8825.0
2731,125.0,1,8950.0
2732,-200.0,0,8750.0
2733,100.0,1,8850.0
2734,100.0,1,8950.0
2735,112.5,1,9062.5
2736,100.0,1,9162.5
2737,112.5,1,9275.0
2738,112.5,1,9387.5
2739,125.0,1,9512.5
2740,100.0,1,9612.5
2741,-200.0,0,9412.5
2742,100.0,1,9512.5
2743,100.0,1,9612.5
2744,100.0,1,9712.5
2745,100.0,1,9812.5
2746,-200.0,0,9612.5
2747,100.0,1,9712.5
2748,112.5,1,9825.0
2749,100.0,1,9925.0
2750,125.0,1,10050.0
2751,100.0,1,10150.0
2752,112.5,1,10262.5
2753,100.0,1,10362.5
2754,-200.0,0,10162.5
2755,137.5,1,10300.0
2756,100.0,1,10400.0
2757,100.0,1,10500.0
2758,100.0,1,10600.0
2759,100.0,1,10700.0
2760,-212.5,0,10487.5
2761,112.5,1,10600.0
2762,112.5,1,10712.5
2763,-225.0,0,10487.5
2764,125.0,1,10612.5
2765,112.5,1,10725.0
2766,-212.5,0,10512.5
2767,112.5,1,10625.0
2768,100.0,1,10725.0
2769,137.5,1,10862.5
2770,-212.5,0,10650.0
2771,100.0,1,10750.0
2772,-212.5,0,10537.5
2773,-212.5,0,10325.0
2774,112.5,1,10437.5
2775,100.0,1,10537.5
2776,112.5,1,10650.0
2777,100.0,1,10750.0
2778,100.0,1,10850.0
2779,100.0,1,10950.0
2780,100.0,1,11050.0
2781,100.0,1,11150.0
2782,112.5,1,11262.5
2783,100.0,1,11362.5
2784,112.5,1,11475.0
2785,-200.0,0,11275.0
2786,-212.5,0,11062.5
2787,100.0,1,11162.5
2788,100.0,1,11262.5
2789,112.5,1,11375.0
2790,112.5,1,11487.5
2791,100.0,1,11587.5
2792,100.0,1,11687.5
2793,112.5,1,11800.0
2794,-200.0,0,11600.0
2795,-225.0,0,11375.0
2796,100.0,1,11475.0
2797,100.0,1,11575.0
2798,-200.0,0,11375.0
2799,112.5,1,11487.5
2800,100.0,1,11587.5
2801,137.5,1,11725.0
2802,112.5,1,11837.5
2803,100.0,1,11937.5
2804,100.0,1,12037.5
2805,112.5,1,12150.0
2806,-200.0,0,11950.0
2807,125.0,1,12075.0
2808,-212.5,0,11862.5
2809,112.5,1,11975.0
2810,100.0,1,12075.0
2811,112.5,1,12187.5
2812,100.0,1,12287.5
2813,112.5,1,12400.0
2814,-225.0,0,12175.0
2815,112.5,1,12287.5
2816,112.5,1,12400.0
2817,100.0,1,12500.0
2818,-212.5,0,12287.5
2819,-200.0,0,12087.5
2820,-237.5,0,11850.0
2821,112.5,1,11962.5
2822,-200.0,0,11762.5
2823,112.5,1,11875.0
2824,112.5,1,11987.5
2825,112.5,1,12100.0
2826,-200.0,0,11900.0
2827,-200.0,0,11700.0
2828,100.0,1,11800.0
2829,112.5,1,11912.5
2830,100.0,1,12012.5
2831,125.0,1,12137.5
2832,112.5,1,12250.0
2833,100.0,1,12350.0
2834,-212.5,0,12137.5
2835,100.0,1,12237.5
2836,112.5,1,12350.0
2837,100.0,1,12450.0
2838,112.5,1,12562.5
2839,-200.0,0,12362.5
2840,100.0,1,12462.5
2841,100.0,1,12562.5
2842,-212.5,0,12350.0
2843,-212.5,0,12137.5
2844,112.5,1,12250.0
2845,112.5,1,12362.5
2846,112.5,1,12475.0
2847,-212.5,0,12262.5
2848,125.0,1,12387.5
2849,125.0,1,12512.5
2850,100.0,1,12612.5
2851,100.0,1,12712.5
2852,112.5,1,12825.0
2853,125.0,1,12950.0
2854,112.5,1,13062.5
2855,-200.0,0,12862.5
2856,112.5,1,12975.0
2857,100.0,1,13075.0
2858,112.5,1,13187.5
2859,112.5,1,13300.0
2860,100.0,1,13400.0
2861,100.0,1,13500.0
2862,100.0,1,13600.0
2863,112.5,1,13712.5
2864,100.0,1,13812.5
2865,125.0,1,13937.5
2866,125.0,1,14062.5
2867,-200.0,0,13862.5
2868,100.0,1,13962.5
2869,-200.0,0,13762.5
2870,-200.0,0,13562.5
2871,125.0,1,13687.5
2872,100.0,1,13787.5
2873,-200.0,0,13587.5
2874,112.5,1,13700.0
2875,-212.5,0,13487.5
2876,137.5,1,13625.0
2877,-200.0,0,13425.0
2878,100.0,1,13525.0
2879,100.0,1,13625.0
2880,112.5,1,13737.5
2881,100.0,1,13837.5
2882,137.5,1,13975.0
2883,-212.5,0,13762.5
2884,100.0,1,13862.5
2885,100.0,1,13962.5
2886,100.0,1,14062.5
2887,112.5,1,14175.0
2888,100.0,1,14275.0
2889,100.0,1,14375.0
2890,-200.0,0,14175.0
2891,-200.0,0,13975.0
2892,100.0,1,14075.0
2893,-225.0,0,13850.0
2894,100.0,1,13950.0
2895,112.5,1,14062.5
2896,100.0,1,14162.5
2897,100.0,1,14262.5
2898,112.5,1,14375.0
2899,125.0,1,14500.0
2900,100.0,1,14600.0
2901,125.0,1,14725.0
2902,125.0,1,14850.0
2903,112.5,1,14962.5
2904,100.0,1,15062.5
2905,-200.0,0,14862.5
2906,-200.0,0,14662.5
2907,100.0,1,14762.5
2908,125.0,1,14887.5
2909,112.5,1,15000.0
2910,100.0,1,15100.0
2911,-212.5,0,14887.5
2912,100.0,1,14987.5
2913,112.5,1,15100.0
2914,125.0,1,15225.0
2915,-200.0,0,15025.0
2916,100.0,1,15125.0
2917,112.5,1,15237.5
2918,112.5,1,15350.0
2919,-200.0,0,15150.0
2920,-212.5,0,14937.5
2921,112.5,1,15050.0
2922,100.0,1,15150.0
2923,-200.0,0,14950.0
2924,112.5,1,15062.5
2925,-200.0,0,14862.5
2926,100.0,1,14962.5
2927,112.5,1,15075.0
2928,100.0,1,15175.0
2929,125.0,1,15300.0
2930,137.5,1,15437.5
2931,100.0,1,15537.5
2932,-212.5,0,15325.0
2933,-200.0,0,15125.0
2934,-200.0,0,14925.0
2935,-200.0,0,14725.0
2936,112.5,1,14837.5
2937,100.0,1,14937.5
2938,100.0,1,15037.5
2939,-200.0,0,14837.5
2940,-200.0,0,14637.5
2941,112.5,1,14750.0
2942,-212.5,0,14537.5
2943,125.0,1,14662.5
2944,-212.5,0,14450.0
2945,-200.0,0,14250.0
2946,112.5,1,14362.5
2947,100.0,1,14462.5
2948,112.5,1,14575.0
2949,100.0,1,14675.0
2950,100.0,1,14775.0
2951,125.0,1,14900.0
2952,100.0,1,15000.0
2953,-200.0,0,14800.0
2954,100.0,1,14900.0
2955,100.0,1,15000.0
2956,125.0,1,15125.0
2957,-200.0,0,14925.0
2958,100.0,1,15025.0
2959,-200.0,0,14825.0
2960,100.0,1,14925.0
2961,112.5,1,15037.5
2962,125.0,1,15162.5
2963,-200.0,0,14962.5
2964,-200.0,0,14762.5
2965,100.0,1,14862.5
2966,112.5,1,14975.0
2967,100.0,1,15075.0
2968,-212.5,0,14862.5
2969,112.5,1,14975.0
2970,112.5,1,15087.5
2971,112.5,1,15200.0
2972,137.5,1,15337.5
2973,112.5,1,15450.0
2974,125.0,1,15575.0
2975,112.5,1,15687.5
2976,-200.0,0,15487.5
2977,-200.0,0,15287.5
2978,112.5,1,15400.0
2979,100.0,1,15500.0
2980,-200.0,0,15300.0
2981,-212.5,0,15087.5
2982,-200.0,0,14887.5
2983,-200.0,0,14687.5
2984,125.0,1,14812.5
2985,-212.5,0,14600.0
2986,100.0,1,14700.0
2987,-212.5,0,14487.5
2988,100.0,1,14587.5
2989,100.0,1,14687.5
2990,100.0,1,14787.5
2991,100.0,1,14887.5
2992,112.5,1,15000.0
2993,-212.5,0,14787.5
2994,100.0,1,14887.5
2995,137.5,1,15025.0
2996,-225.0,0,14800.0
2997,100.0,1,14900.0
2998,-212.5,0,14687.5
2999,-200.0,0,14487.5
3000,100.0,1,14587.5
3001,100.0,1,14687.5
3002,-225.0,0,14462.5
3003,112.5,1,14575.0
3004,100.0,1,14675.0
3005,112.5,1,14787.5
3006,112.5,1,14900.0
3007,112.5,1,15012.5
3008,112.5,1,15125.0
3009,-212.5,0,14912.5
3010,-200.0,0,14712.5
3011,100.0,1,14812.5
3012,125.0,1,14937.5
3013,112.5,1,15050.0
3014,100.0,1,15150.0
3015,100.0,1,15250.0
3016,-212.5,0,15037.5
3017,-212.5,0,14825.0
3018,100.0,1,14925.0
3019,112.5,1,15037.5
3020,-200.0,0,14837.5
3021,100.0,1,14937.5
3022,100.0,1,15037.5
3023,100.0,1,15137.5
3024,100.0,1,15237.5
3025,112.5,1,15350.0
3026,112.5,1,15462.5
3027,100.0,1,15562.5
3028,100.0,1,15662.5
3029,125.0,1,15787.5
3030,100.0,1,15887.5
3031,125.0,1,16012.5
3032,-200.0,0,15812.5
3033,-200.0,0,15612.5
3034,100.0,1,15712.5
3035,100.0,1,15812.5
3036,-212.5,0,15600.0
3037,100.0,1,15700.0
3038,100.0,1,15800.0
3039,100.0,1,15900.0
3040,100.0,1,16000.0
3041,-200.0,0,15800.0
3042,-200.0,0,15600.0
3043,125.0,1,15725.0
3044,112.5,1,15837.5
3045,125.0,1,15962.5
3046,-200.0,0,15762.5
3047,100.0,1,15862.5
3048,112.5,1,15975.0
3049,-212.5,0,15762.5
3050,100.0,1,15862.5
3051,-200.0,0,15662.5
3052,125.0,1,15787.5
3053,-200.0,0,15587.5
3054,-200.0,0,15387.5
3055,-212.5,0,15175.0
3056,100.0,1,15275.0
3057,112.5,1,15387.5
3058,-212.5,0,15175.0
3059,100.0,1,15275.0
3060,-200.0,0,15075.0
3061,-200.0,0,14875.0
3062,112.5,1,14987.5
3063,-200.0,0,14787.5
3064,112.5,1,14900.0
3065,125.0,1,15025.0
3066,150.0,1,15175.0
3067,100.0,1,15275.0
3068,112.5,1,15387.5
3069,100.0,1,15487.5
3070,-212.5,0,15275.0
3071,137.5,1,15412.5
3072,112.5,1,15525.0
3073,100.0,1,15625.0
3074,125.0,1,15750.0
3075,100.0,1,15850.0
3076,112.5,1,15962.5
3077,100.0,1,16062.5
3078,100.0,1,16162.5
3079,-200.0,0,15962.5
3080,-200.0,0,15762.5
3081,125.0,1,15887.5
3082,-200.0,0,15687.5
3083,100.0,1,15787.5
3084,100.0,1,15887.5
3085,112.5,1,16000.0
3086,-212.5,0,15787.5
3087,-212.5,0,15575.0
3088,-212.5,0,15362.5
3089,112.5,1,15475.0
3090,-200.0,0,15275.0
3091,100.0,1,15375.0
3092,-212.5,0,15162.5
3093,112.5,1,15275.0
3094,137.5,1,15412.5
3095,100.0,1,15512.5
3096,-200.0,0,15312.5
3097,-225.0,0,15087.5
3098,-200.0,0,14887.5
3099,-200.0,0,14687.5
3100,-200.0,0,14487.5
3101,100.0,1,14587.5
3102,112.5,1,14700.0
3103,-200.0,0,14500.0
3104,125.0,1,14625.0
3105,-200.0,0,14425.0
3106,-212.5,0,14212.5
3107,-200.0,0,14012.5
3108,100.0,1,14112.5
3109,100.0,1,14212.5
3110,-200.0,0,14012.5
3111,112.5,1,14125.0
3112,112.5,1,14237.5
3113,-212.5,0,14025.0
3114,-200.0,0,13825.0
3115,112.5,1,13937.5
3116,100.0,1,14037.5
3117,112.5,1,14150.0
3118,-200.0,0,13950.0
3119,100.0,1,14050.0
3120,112.5,1,14162.5
3121,-200.0,0,13962.5
3122,100.0,1,14062.5
3123,100.0,1,14162.5
3124,-200.0,0,13962.5
3125,100.0,1,14062.5
3126,100.0,1,14162.5
3127,-212.5,0,13950.0
3128,-212.5,0,13737.5
3129,100.0,1,13837.5
3130,125.0,1,13962.5
3131,100.0,1,14062.5
3132,-212.5,0,13850.0
3133,100.0,1,13950.0
3134,112.5,1,14062.5
3135,100.0,1,14162.5
3136,125.0,1,14287.5
3137,112.5,1,14400.0
3138,-200.0,0,14200.0
3139,100.0,1,14300.0
3140,100.0,1,14400.0
3141,100.0,1,14500.0
3142,-200.0,0,14300.0
3143,100.0,1,14400.0
3144,100.0,1,14500.0
3145,137.5,1,14637.5
3146,100.0,1,14737.5
3147,112.5,1,14850.0
3148,100.0,1,14950.0
3149,-212.5,0,14737.5
3150,112.5,1,14850.0
3151,100.0,1,14950.0
3152,-212.5,0,14737.5
3153,100.0,1,14837.5
3154,112.5,1,14950.0
3155,112.5,1,15062.5
3156,100.0,1,15162.5
3157,112.5,1,15275.0
3158,100.0,1,15375.0
3159,-200.0,0,15175.0
3160,100.0,1,15275.0
3161,-200.0,0,15075.0
3162,-200.0,0,14875.0
3163,125.0,1,15000.0
3164,100.0,1,15100.0
3165,112.5,1,15212.5
3166,100.0,1,15312.5
3167,100.0,1,15412.5
3168,-225.0,0,15187.5
3169,100.0,1,15287.5
3170,-200.0,0,15087.5
3171,112.5,1,15200.0
3172,100.0,1,15300.0
3173,-200.0,0,15100.0
3174,125.0,1,15225.0
3175,100.0,1,15325.0
3176,112.5,1,15437.5
3177,112.5,1,15550.0
3178,-212.5,0,15337.5
3179,112.5,1,15450.0
3180,112.5,1,15562.5
3181,-212.5,0,15350.0
3182,137.5,1,15487.5
3183,-212.5,0,15275.0
3184,-212.5,0,15062.5
3185,-212.5,0,14850.0
3186,100.0,1,14950.0
3187,-200.0,0,14750.0
3188,100.0,1,14850.0
3189,100.0,1,14950.0
3190,-212.5,0,14737.5
3191,-200.0,0,14537.5
3192,137.5,1,14675.0
3193,-200.0,0,14475.0
3194,-200.0,0,14275.0
3195,100.0,1,14375.0
3196,-200.0,0,14175.0
3197,-200.0,0,13975.0
3198,-237.5,0,13737.5
3199,-200.0,0,13537.5
3200,-212.5,0,13325.0
3201,-200.0,0,13125.0
3202,112.5,1,13237.5
3203,112.5,1,13350.0
3204,-212.5,0,13137.5
3205,112.5,1,13250.0
3206,112.5,1,13362.5
3207,100.0,1,13462.5
3208,112.5,1,13575.0
3209,-200.0,0,13375.0
3210,125.0,1,13500.0
3211,125.0,1,13625.0
3212,112.5,1,13737.5
3213,-200.0,0,13537.5
3214,112.5,1,13650.0
3215,100.0,1,13750.0
3216,100.0,1,13850.0
3217,-200.0,0,13650.0
3218,-200.0,0,13450.0
3219,-200.0,0,13250.0
3220,100.0,1,13350.0
3221,-212.5,0,13137.5
3222,112.5,1,13250.0
3223,112.5,1,13362.5
3224,-200.0,0,13162.5
3225,-200.0,0,12962.5
3226,112.5,1,13075.0
3227,-200.0,0,12875.0
3228,100.0,1,12975.0
3229,100.0,1,13075.0
3230,100.0,1,13175.0
3231,-200.0,0,12975.0
3232,100.0,1,13075.0
3233,-225.0,0,12850.0
3234,112.5,1,12962.5
3235,125.0,1,13087.5
3236,-200.0,0,12887.5
3237,-200.0,0,12687.5
3238,112.5,1,12800.0
3239,125.0,1,12925.0
3240,-200.0,0,12725.0
3241,-212.5,0,12512.5
3242,-200.0,0,12312.5
3243,112.5,1,12425.0
3244,112.5,1,12537.5
3245,112.5,1,12650.0
3246,125.0,1,12775.0
3247,-212.5,0,12562.5
3248,100.0,1,12662.5
3249,-212.5,0,12450.0
3250,100.0,1,12550.0
3251,-212.5,0,12337.5
3252,100.0,1,12437.5
3253,-200.0,0,12237.5
3254,-200.0,0,12037.5
3255,-225.0,0,11812.5
3256,-200.0,0,11612.5
3257,100.0,1,11712.5
3258,-212.5,0,11500.0
3259,-212.5,0,11287.5
3260,125.0,1,11412.5
3261,-200.0,0,11212.5
3262,100.0,1,11312.5
3263,100.0,1,11412.5
3264,-212.5,0,11200.0
3265,112.5,1,11312.5
3266,-200.0,0,11112.5
3267,-200.0,0,10912.5
3268,-200.0,0,10712.5
3269,112.5,1,10825.0
3270,100.0,1,10925.0
3271,112.5,1,11037.5
3272,-200.0,0,10837.5
3273,100.0,1,10937.5
3274,-212.5,0,10725.0
3275,-212.5,0,10512.5
3276,112.5,1,10625.0
3277,100.0,1,10725.0
3278,112.5,1,10837.5
3279,-212.5,0,10625.0
3280,-212.5,0,10412.5
3281,125.0,1,10537.5
3282,112.5,1,10650.0
3283,112.5,1,10762.5
3284,112.5,1,10875.0
3285,-212.5,0,10662.5
3286,125.0,1,10787.5
3287,100.0,1,10887.5
3288,112.5,1,11000.0
3289,112.5,1,11112.5
3290,112.5,1,11225.0
3291,112.5,1,11337.5
3292,-200.0,0,11137.5
3293,-200.0,0,10937.5
3294,-200.0,0,10737.5
3295,112.5,1,10850.0
3296,-200.0,0,10650.0
3297,-200.0,0,10450.0
3298,125.0,1,10575.0
3299,-212.5,0,10362.5
3300,100.0,1,10462.5
3301,100.0,1,10562.5
3302,100.0,1,10662.5
3303,100.0,1,10762.5
3304,112.5,1,10875.0
3305,-212.5,0,10662.5
3306,112.5,1,10775.0
3307,-212.5,0,10562.5
3308,-200.0,0,10362.5
3309,100.0,1,10462.5
3310,112.5,1,10575.0
3311,137.5,1,10712.5
3312,112.5,1,10825.0
3313,100.0,1,10925.0
3314,-212.5,0,10712.5
3315,112.5,1,10825.0
3316,100.0,1,10925.0
3317,100.0,1,11025.0
3318,112.5,1,11137.5
3319,100.0,1,11237.5
3320,100.0,1,11337.5
3321,112.5,1,11450.0
3322,100.0,1,11550.0
3323,100.0,1,11650.0
3324,100.0,1,11750.0
3325,112.5,1,11862.5
3326,100.0,1,11962.5
3327,112.5,1,12075.0
3328,112.5,1,12187.5
3329,100.0,1,12287.5
3330,137.5,1,12425.0
3331,100.0,1,12525.0
3332,100.0,1,12625.0
3333,-212.5,0,12412.5
3334,125.0,1,12537.5
3335,100.0,1,12637.5
3336,100.0,1,12737.5
3337,100.0,1,12837.5
3338,100.0,1,12937.5
3339,100.0,1,13037.5
3340,-200.0,0,12837.5
3341,100.0,1,12937.5
3342,-200.0,0,12737.5
3343,100.0,1,12837.5
3344,-200.0,0,12637.5
3345,112.5,1,12750.0
3346,112.5,1,12862.5
3347,100.0,1,12962.5
3348,100.0,1,13062.5
3349,100.0,1,13162.5
3350,-200.0,0,12962.5
3351,100.0,1,13062.5
3352,112.5,1,13175.0
3353,112.5,1,13287.5
3354,112.5,1,13400.0
3355,-200.0,0,13200.0
3356,137.5,1,13337.5
3357,125.0,1,13462.5
3358,100.0,1,13562.5
3359,100.0,1,13662.5
3360,100.0,1,13762.5
3361,125.0,1,13887.5
3362,-200.0,0,13687.5
3363,-200.0,0,13487.5
3364,100.0,1,13587.5
3365,112.5,1,13700.0
3366,112.5,1,13812.5
3367,125.0,1,13937.5
3368,112.5,1,14050.0
3369,-212.5,0,13837.5
3370,112.5,1,13950.0
3371,-200.0,0,13750.0
3372,-225.0,0,13525.0
3373,112.5,1,13637.5
3374,112.5,1,13750.0
3375,112.5,1,13862.5
3376,125.0,1,13987.5
3377,125.0,1,14112.5
3378,100.0,1,14212.5
3379,-212.5,0,14000.0
3380,162.5,1,14162.5
3381,100.0,1,14262.5
3382,112.5,1,14375.0
3383,100.0,1,14475.0
3384,112.5,1,14587.5
3385,125.0,1,14712.5
3386,100.0,1,14812.5
3387,-200.0,0,14612.5
3388,-200.0,0,14412.5
3389,137.5,1,14550.0
3390,112.5,1,14662.5
3391,112.5,1,14775.0
3392,-200.0,0,14575.0
3393,100.0,1,14675.0
3394,112.5,1,14787.5
3395,112.5,1,14900.0
3396,100.0,1,15000.0
3397,-200.0,0,14800.0
3398,-200.0,0,14600.0
3399,112.5,1,14712.5
3400,112.5,1,14825.0
3401,100.0,1,14925.0
3402,100.0,1,15025.0
3403,112.5,1,15137.5
3404,-200.0,0,14937.5
3405,-212.5,0,14725.0
3406,-200.0,0,14525.0
3407,-200.0,0,14325.0
3408,-200.0,0,14125.0
3409,100.0,1,14225.0
3410,112.5,1,14337.5
3411,100.0,1,14437.5
3412,125.0,1,14562.5
3413,100.0,1,14662.5
3414,100.0,1,14762.5
3415,-200.0,0,14562.5
3416,100.0,1,14662.5
3417,100.0,1,14762.5
3418,112.5,1,14875.0
3419,-200.0,0,14675.0
3420,-200.0,0,14475.0
3421,-212.5,0,14262.5
3422,125.0,1,14387.5
3423,-200.0,0,14187.5
3424,-200.0,0,13987.5
3425,125.0,1,14112.5
3426,-200.0,0,13912.5
3427,112.5,1,14025.0
3428,-200.0,0,13825.0
3429,100.0,1,13925.0
3430,100.0,1,14025.0
3431,100.0,1,14125.0
3432,100.0,1,14225.0
3433,-200.0,0,14025.0
3434,100.0,1,14125.0
3435,-200.0,0,13925.0
3436,-200.0,0,13725.0
3437,100.0,1,13825.0
3438,100.0,1,13925.0
3439,-212.5,0,13712.5
3440,100.0,1,13812.5
3441,100.0,1,13912.5
3442,100.0,1,14012.5
3443,100.0,1,14112.5
3444,-200.0,0,13912.5
3445,-200.0,0,13712.5
3446,100.0,1,13812.5
3447,112.5,1,13925.0
3448,112.5,1,14037.5
3449,-212.5,0,13825.0
3450,100.0,1,13925.0
3451,-200.0,0,13725.0
3452,100.0,1,13825.0
3453,112.5,1,13937.5
3454,-200.0,0,13737.5
3455,112.5,1,13850.0
3456,-212.5,0,13637.5
3457,125.0,1,13762.5
3458,100.0,1,13862.5
3459,-200.0,0,13662.5
3460,100.0,1,13762.5
3461,-200.0,0,13562.5
3462,100.0,1,13662.5
3463,100.0,1,13762.5
3464,112.5,1,13875.0
3465,100.0,1,13975.0
3466,112.5,1,14087.5
3467,112.5,1,14200.0
3468,100.0,1,14300.0
3469,100.0,1,14400.0
3470,125.0,1,14525.0
3471,100.0,1,14625.0
3472,112.5,1,14737.5
3473,112.5,1,14850.0
3474,-212.5,0,14637.5
3475,100.0,1,14737.5
3476,112.5,1,14850.0
3477,-200.0,0,14650.0
3478,125.0,1,14775.0
3479,-212.5,0,14562.5
3480,125.0,1,14687.5
3481,112.5,1,14800.0
3482,-200.0,0,14600.0
3483,-212.5,0,14387.5
3484,112.5,1,14500.0
3485,-200.0,0,14300.0
3486,-200.0,0,14100.0
3487,112.5,1,14212.5
3488,125.0,1,14337.5
3489,-200.0,0,14137.5
3490,112.5,1,14250.0
3491,100.0,1,14350.0
3492,-212.5,0,14137.5
3493,-200.0,0,13937.5
3494,100.0,1,14037.5
3495,100.0,1,14137.5
3496,-225.0,0,13912.5
3497,125.0,1,14037.5
3498,-200.0,0,13837.5
3499,100.0,1,13937.5
3500,100.0,1,14037.5
3501,-200.0,0,13837.5
3502,-225.0,0,13612.5
3503,-200.0,0,13412.5
3504,-200.0,0,13212.5
3505,-200.0,0,13012.5
3506,-200.0,0,12812.5
3507,112.5,1,12925.0
3508,100.0,1,13025.0
3509,100.0,1,13125.0
3510,112.5,1,13237.5
3511,-212.5,0,13025.0
3512,137.5,1,13162.5
3513,-200.0,0,12962.5
3514,100.0,1,13062.5
3515,-212.5,0,12850.0
3516,112.5,1,12962.5
3517,125.0,1,13087.5
3518,100.0,1,13187.5
3519,100.0,1,13287.5
3520,112.5,1,13400.0
3521,112.5,1,13512.5
3522,112.5,1,13625.0
3523,-212.5,0,13412.5
3524,112.5,1,13525.0
3525,-237.5,0,13287.5
3526,125.0,1,13412.5
3527,100.0,1,13512.5
3528,-200.0,0,13312.5
3529,137.5,1,13450.0
3530,-212.5,0,13237.5
3531,100.0,1,13337.5
3532,100.0,1,13437.5
3533,112.5,1,13550.0
3534,100.0,1,13650.0
3535,-212.5,0,13437.5
3536,125.0,1,13562.5
3537,100.0,1,13662.5
3538,100.0,1,13762.5
3539,100.0,1,13862.5
3540,112.5,1,13975.0
3541,100.0,1,14075.0
3542,112.5,1,14187.5
3543,112.5,1,14300.0
3544,-200.0,0,14100.0
3545,-200.0,0,13900.0
3546,-200.0,0,13700.0
3547,125.0,1,13825.0
3548,-200.0,0,13625.0
3549,-225.0,0,13400.0
3550,125.0,1,13525.0
3551,112.5,1,13637.5
3552,125.0,1,13762.5
3553,-200.0,0,13562.5
3554,-200.0,0,13362.5
3555,-200.0,0,13162.5
3556,100.0,1,13262.5
3557,125.0,1,13387.5
3558,100.0,1,13487.5
3559,100.0,1,13587.5
3560,100.0,1,13687.5
3561,112.5,1,13800.0
3562,-212.5,0,13587.5
3563,-212.5,0,13375.0
3564,-212.5,0,13162.5
3565,125.0,1,13287.5
3566,-200.0,0,13087.5
3567,100.0,1,13187.5
3568,100.0,1,13287.5
3569,100.0,1,13387.5
3570,112.5,1,13500.0
3571,112.5,1,13612.5
3572,112.5,1,13725.0
3573,100.0,1,13825.0
3574,112.5,1,13937.5
3575,125.0,1,14062.5
3576,100.0,1,14162.5
3577,112.5,1,14275.0
3578,-200.0,0,14075.0
3579,112.5,1,14187.5
3580,100.0,1,14287.5
3581,-200.0,0,14087.5
3582,-200.0,0,13887.5
3583,100.0,1,13987.5
3584,100.0,1,14087.5
3585,100.0,1,14187.5
3586,100.0,1,14287.5
3587,100.0,1,14387.5
3588,112.5,1,14500.0
3589,-212.5,0,14287.5
3590,100.0,1,14387.5
3591,112.5,1,14500.0
3592,-200.0,0,14300.0
3593,100.0,1,14400.0
3594,100.0,1,14500.0
3595,-200.0,0,14300.0
3596,100.0,1,14400.0
3597,100.0,1,14500.0
3598,-200.0,0,14300.0
3599,100.0,1,14400.0
